mode,epoch,iter,lr,memory,data_time,loss,time,accuracy_top-1,accuracy_top-5
train,1.0,20.0,0.005,2456.0,0.00315,1.88308,0.08872,,
train,1.0,30.0,0.005,2456.0,0.00323,1.70164,0.08673,,
train,1.0,40.0,0.005,2456.0,0.00294,1.68415,0.08554,,
train,1.0,50.0,0.005,2456.0,0.00305,1.74114,0.086,,
train,1.0,60.0,0.005,2456.0,0.00337,1.47716,0.08621,,
train,1.0,70.0,0.005,2456.0,0.00354,1.55977,0.08827,,
train,1.0,80.0,0.005,2456.0,0.00279,1.35216,0.08928,,
train,1.0,90.0,0.005,2456.0,0.0023,1.40764,0.08797,,
train,1.0,100.0,0.005,2456.0,0.00267,1.44341,0.08715,,
train,1.0,110.0,0.005,2456.0,0.00291,1.54211,0.08771,,
train,1.0,120.0,0.005,2456.0,0.00318,1.62541,0.08808,,
train,1.0,130.0,0.005,2456.0,0.00284,1.44743,0.08805,,
train,1.0,140.0,0.005,2456.0,0.00284,1.40777,0.08798,,
train,1.0,150.0,0.005,2456.0,0.00298,1.3512,0.08736,,
train,1.0,160.0,0.005,2456.0,0.00323,1.50904,0.08791,,
train,1.0,170.0,0.005,2456.0,0.0033,1.31919,0.08787,,
train,1.0,180.0,0.005,2456.0,0.00286,1.35823,0.08772,,
train,1.0,190.0,0.005,2456.0,0.00295,1.3555,0.08881,,
train,1.0,200.0,0.005,2456.0,0.00269,1.26932,0.08748,,
train,1.0,210.0,0.005,2456.0,0.00245,1.39725,0.08721,,
train,1.0,220.0,0.005,2456.0,0.00245,1.23433,0.08696,,
train,1.0,230.0,0.005,2456.0,0.00321,1.12896,0.08897,,
train,1.0,240.0,0.005,2456.0,0.00281,1.16012,0.08764,,
train,1.0,250.0,0.005,2456.0,0.00279,1.20699,0.08789,,
train,1.0,260.0,0.005,2456.0,0.00294,1.34783,0.0871,,
train,1.0,270.0,0.005,2456.0,0.00316,1.26644,0.08735,,
train,1.0,280.0,0.005,2456.0,0.00344,1.10977,0.08713,,
train,1.0,290.0,0.005,2456.0,0.00268,1.24027,0.08682,,
train,1.0,300.0,0.005,2456.0,0.00324,1.36924,0.08808,,
train,1.0,310.0,0.005,2456.0,0.0027,1.19912,0.0889,,
train,1.0,320.0,0.005,2456.0,0.0027,1.18098,0.08652,,
train,1.0,330.0,0.005,2456.0,0.00317,1.15305,0.08732,,
train,1.0,340.0,0.005,2456.0,0.0029,1.0648,0.08703,,
train,1.0,350.0,0.005,2456.0,0.0031,1.07212,0.08781,,
train,1.0,360.0,0.005,2456.0,0.00285,1.07775,0.08665,,
train,1.0,370.0,0.005,2456.0,0.00296,1.09205,0.08668,,
train,1.0,380.0,0.005,2456.0,0.00277,1.1833,0.08715,,
train,1.0,390.0,0.005,2456.0,0.0027,1.16361,0.08712,,
train,1.0,400.0,0.005,2456.0,0.00276,1.18993,0.08636,,
train,1.0,410.0,0.005,2456.0,0.00306,1.15724,0.0876,,
train,1.0,420.0,0.005,2456.0,0.00266,1.04509,0.08656,,
train,1.0,430.0,0.005,2456.0,0.00274,1.18626,0.08855,,
train,1.0,440.0,0.005,2456.0,0.00317,1.17668,0.08844,,
train,1.0,450.0,0.005,2456.0,0.00284,1.16681,0.08825,,
train,1.0,460.0,0.005,2456.0,0.00308,1.13551,0.08815,,
train,1.0,470.0,0.005,2456.0,0.00293,1.13612,0.08776,,
train,1.0,480.0,0.005,2456.0,0.00377,1.09551,0.08858,,
train,1.0,490.0,0.005,2456.0,0.00279,1.09858,0.08765,,
train,1.0,500.0,0.005,2456.0,0.00305,1.00664,0.08807,,
train,1.0,510.0,0.005,2456.0,0.00305,1.17616,0.08728,,
train,1.0,520.0,0.005,2456.0,0.00288,1.01069,0.08728,,
train,1.0,530.0,0.005,2456.0,0.00305,1.0636,0.08702,,
train,1.0,540.0,0.005,2456.0,0.00317,1.02362,0.08804,,
train,1.0,550.0,0.005,2456.0,0.00269,1.12773,0.08804,,
train,1.0,560.0,0.005,2456.0,0.00275,1.10473,0.08893,,
train,1.0,570.0,0.005,2456.0,0.0027,1.0897,0.08828,,
train,1.0,580.0,0.005,2456.0,0.00261,1.14333,0.08807,,
train,1.0,590.0,0.005,2456.0,0.00263,0.97735,0.08811,,
train,1.0,600.0,0.005,2456.0,0.00281,1.01094,0.08754,,
train,1.0,610.0,0.005,2456.0,0.003,1.22992,0.08757,,
train,1.0,620.0,0.005,2456.0,0.0028,1.08867,0.08762,,
train,1.0,630.0,0.005,2456.0,0.00281,1.00983,0.08736,,
train,1.0,640.0,0.005,2456.0,0.00298,1.04706,0.0881,,
train,1.0,650.0,0.005,2456.0,0.00256,0.98918,0.08844,,
train,1.0,660.0,0.005,2456.0,0.00301,0.96686,0.08802,,
train,1.0,670.0,0.005,2456.0,0.00315,1.12833,0.08837,,
train,1.0,680.0,0.005,2456.0,0.00281,0.89292,0.08777,,
train,1.0,690.0,0.005,2456.0,0.00282,0.98351,0.08797,,
train,1.0,700.0,0.005,2456.0,0.00276,0.96656,0.08743,,
train,1.0,710.0,0.005,2456.0,0.00274,1.00508,0.08712,,
train,1.0,720.0,0.005,2456.0,0.00296,0.93046,0.08749,,
train,1.0,730.0,0.005,2456.0,0.00293,0.98202,0.08823,,
train,1.0,740.0,0.005,2456.0,0.00299,1.08141,0.08876,,
train,1.0,750.0,0.005,2456.0,0.003,1.06332,0.08729,,
train,1.0,760.0,0.005,2456.0,0.003,0.93132,0.0872,,
train,1.0,770.0,0.005,2456.0,0.00296,0.99768,0.08655,,
train,1.0,780.0,0.005,2456.0,0.00298,1.04032,0.08765,,
train,1.0,790.0,0.005,2456.0,0.00324,0.95299,0.08551,,
train,1.0,800.0,0.005,2456.0,0.00311,0.8637,0.08794,,
train,1.0,810.0,0.005,2456.0,0.00317,0.91768,0.08502,,
train,1.0,820.0,0.005,2456.0,0.00324,0.88149,0.08642,,
train,1.0,830.0,0.005,2456.0,0.00319,1.07232,0.08557,,
train,1.0,840.0,0.005,2456.0,0.00315,1.01712,0.08697,,
train,1.0,850.0,0.005,2456.0,0.00296,0.8651,0.08664,,
train,1.0,860.0,0.005,2456.0,0.00219,0.91177,0.0864,,
train,1.0,870.0,0.005,2456.0,0.00272,1.01084,0.08761,,
train,1.0,880.0,0.005,2456.0,0.00279,1.13571,0.08632,,
train,1.0,890.0,0.005,2456.0,0.00332,0.95302,0.08828,,
train,1.0,900.0,0.005,2456.0,0.00226,0.99475,0.08599,,
train,1.0,910.0,0.005,2456.0,0.00303,0.95808,0.08683,,
train,1.0,920.0,0.005,2456.0,0.00255,1.00609,0.08668,,
train,1.0,930.0,0.005,2456.0,0.00294,0.9851,0.08706,,
train,1.0,940.0,0.005,2456.0,0.00268,1.02178,0.08696,,
train,1.0,950.0,0.005,2456.0,0.00287,1.00574,0.08649,,
train,1.0,960.0,0.005,2456.0,0.00343,0.86271,0.08697,,
train,1.0,970.0,0.005,2456.0,0.00289,0.92306,0.08619,,
train,1.0,980.0,0.005,2456.0,0.00293,0.86031,0.08639,,
train,1.0,990.0,0.005,2456.0,0.00293,0.84984,0.08596,,
train,1.0,1000.0,0.005,2456.0,0.00342,0.8856,0.0874,,
train,1.0,1010.0,0.005,2456.0,0.00288,0.87898,0.08594,,
train,1.0,1020.0,0.005,2456.0,0.00349,0.79706,0.08757,,
train,1.0,1030.0,0.005,2456.0,0.00253,0.87766,0.08612,,
train,1.0,1040.0,0.005,2456.0,0.00259,0.96297,0.08674,,
train,1.0,1050.0,0.005,2456.0,0.0025,0.89054,0.08607,,
train,1.0,1060.0,0.005,2456.0,0.00304,0.98811,0.08829,,
train,1.0,1070.0,0.005,2456.0,0.00338,0.9324,0.08735,,
train,1.0,1080.0,0.005,2456.0,0.00306,0.9145,0.08743,,
train,1.0,1090.0,0.005,2456.0,0.00322,0.89842,0.0879,,
train,1.0,1100.0,0.005,2456.0,0.00307,0.86039,0.08792,,
train,1.0,1110.0,0.005,2456.0,0.0027,0.82624,0.08726,,
train,1.0,1120.0,0.005,2456.0,0.00272,1.0011,0.08674,,
train,1.0,1130.0,0.005,2456.0,0.00276,0.94248,0.08701,,
train,1.0,1140.0,0.005,2456.0,0.00273,0.80606,0.08613,,
train,1.0,1150.0,0.005,2456.0,0.0027,0.93014,0.08668,,
train,1.0,1160.0,0.005,2456.0,0.00292,0.86607,0.08692,,
train,1.0,1170.0,0.005,2456.0,0.00332,0.82053,0.08743,,
train,1.0,1180.0,0.005,2456.0,0.00293,1.09768,0.08727,,
train,1.0,1190.0,0.005,2456.0,0.00298,0.96042,0.08642,,
train,1.0,1200.0,0.005,2456.0,0.00297,0.87453,0.08664,,
train,1.0,1210.0,0.005,2456.0,0.00288,0.82134,0.0864,,
train,1.0,1220.0,0.005,2456.0,0.00297,0.79877,0.08604,,
train,1.0,1230.0,0.005,2456.0,0.00293,0.84087,0.08622,,
train,1.0,1240.0,0.005,2456.0,0.0028,1.00538,0.08616,,
train,1.0,1250.0,0.005,2456.0,0.00317,1.0044,0.08603,,
train,1.0,1260.0,0.005,2456.0,0.00301,0.89189,0.08604,,
train,1.0,1270.0,0.005,2456.0,0.00285,0.82089,0.08628,,
train,1.0,1280.0,0.005,2456.0,0.0032,0.9077,0.087,,
train,1.0,1290.0,0.005,2456.0,0.00303,0.95785,0.08717,,
train,1.0,1300.0,0.005,2456.0,0.00299,0.89918,0.08647,,
train,1.0,1310.0,0.005,2456.0,0.0029,0.97147,0.08584,,
train,1.0,1320.0,0.005,2456.0,0.00357,0.83557,0.08792,,
train,1.0,1330.0,0.005,2456.0,0.00293,1.01727,0.0877,,
train,1.0,1340.0,0.005,2456.0,0.00347,0.91264,0.08773,,
train,1.0,1350.0,0.005,2456.0,0.00297,0.84741,0.08732,,
train,1.0,1360.0,0.005,2456.0,0.00288,0.7861,0.08913,,
train,1.0,1370.0,0.005,2456.0,0.00213,0.86334,0.08753,,
train,1.0,1380.0,0.005,2456.0,0.00243,0.99738,0.08674,,
train,1.0,1390.0,0.005,2456.0,0.00296,0.85709,0.08822,,
train,1.0,1400.0,0.005,2456.0,0.00286,0.88119,0.08833,,
train,1.0,1410.0,0.005,2456.0,0.00317,0.94636,0.08755,,
train,1.0,1420.0,0.005,2456.0,0.00293,0.87797,0.08765,,
train,1.0,1430.0,0.005,2456.0,0.00332,0.8699,0.0889,,
train,1.0,1440.0,0.005,2456.0,0.00278,0.85079,0.08727,,
train,1.0,1450.0,0.005,2456.0,0.00282,0.71041,0.08862,,
train,1.0,1460.0,0.005,2456.0,0.00277,0.82624,0.08791,,
train,1.0,1470.0,0.005,2456.0,0.0025,0.7435,0.08713,,
train,1.0,1480.0,0.005,2456.0,0.00297,0.73297,0.08835,,
train,1.0,1490.0,0.005,2456.0,0.00286,0.84755,0.08801,,
train,1.0,1500.0,0.005,2456.0,0.00243,0.81604,0.08734,,
train,1.0,1510.0,0.005,2456.0,0.00273,0.8162,0.08715,,
train,1.0,1520.0,0.005,2456.0,0.0028,0.84933,0.08703,,
train,1.0,1530.0,0.005,2456.0,0.00291,0.83351,0.08796,,
train,1.0,1540.0,0.005,2456.0,0.0028,0.8592,0.08934,,
train,1.0,1550.0,0.005,2456.0,0.0025,0.84595,0.08645,,
train,1.0,1560.0,0.005,2456.0,0.00287,0.89268,0.08682,,
train,2.0,10.0,0.0049,2456.0,0.21365,0.92187,0.29776,,
train,2.0,20.0,0.0049,2456.0,0.00405,0.77796,0.09025,,
train,2.0,30.0,0.0049,2456.0,0.00292,0.87784,0.08802,,
train,2.0,40.0,0.0049,2456.0,0.00281,0.67655,0.08703,,
train,2.0,50.0,0.0049,2456.0,0.00321,0.85081,0.09009,,
train,2.0,60.0,0.0049,2456.0,0.00264,0.84969,0.08822,,
train,2.0,70.0,0.0049,2456.0,0.00296,0.79546,0.0892,,
train,2.0,80.0,0.0049,2456.0,0.00291,0.72533,0.08895,,
train,2.0,90.0,0.0049,2456.0,0.0027,0.80934,0.08713,,
train,2.0,100.0,0.0049,2456.0,0.00282,0.851,0.08754,,
train,2.0,110.0,0.0049,2456.0,0.00317,0.78242,0.08613,,
train,2.0,120.0,0.0049,2456.0,0.00294,0.76553,0.08623,,
train,2.0,130.0,0.0049,2456.0,0.00319,0.76301,0.08833,,
train,2.0,140.0,0.0049,2456.0,0.00313,0.78605,0.0885,,
train,2.0,150.0,0.0049,2456.0,0.00314,0.93979,0.08791,,
train,2.0,160.0,0.0049,2456.0,0.00317,0.87262,0.08792,,
train,2.0,170.0,0.0049,2456.0,0.00306,0.77498,0.08705,,
train,2.0,180.0,0.0049,2456.0,0.00254,0.68527,0.08578,,
train,2.0,190.0,0.0049,2456.0,0.00309,0.76517,0.08645,,
train,2.0,200.0,0.0049,2456.0,0.00309,0.78914,0.08555,,
train,2.0,210.0,0.0049,2456.0,0.00303,0.76004,0.08879,,
train,2.0,220.0,0.0049,2456.0,0.00283,0.81374,0.08737,,
train,2.0,230.0,0.0049,2456.0,0.00306,0.85375,0.08726,,
train,2.0,240.0,0.0049,2456.0,0.00329,0.80156,0.08848,,
train,2.0,250.0,0.0049,2456.0,0.00271,0.70178,0.08718,,
train,2.0,260.0,0.0049,2456.0,0.00261,0.67738,0.08777,,
train,2.0,270.0,0.0049,2456.0,0.00305,0.85962,0.08774,,
train,2.0,280.0,0.0049,2456.0,0.00314,0.72107,0.08906,,
train,2.0,290.0,0.0049,2456.0,0.00296,0.82021,0.08721,,
train,2.0,300.0,0.0049,2456.0,0.00298,0.73129,0.08738,,
train,2.0,310.0,0.0049,2456.0,0.00317,0.77248,0.08722,,
train,2.0,320.0,0.0049,2456.0,0.00351,0.75802,0.08708,,
train,2.0,330.0,0.0049,2456.0,0.0032,0.76447,0.08779,,
train,2.0,340.0,0.0049,2456.0,0.00285,0.77921,0.08756,,
train,2.0,350.0,0.0049,2456.0,0.00309,0.73971,0.08792,,
train,2.0,360.0,0.0049,2456.0,0.0028,0.68616,0.0883,,
train,2.0,370.0,0.0049,2456.0,0.0031,0.71401,0.08745,,
train,2.0,380.0,0.0049,2456.0,0.003,0.80721,0.08642,,
train,2.0,390.0,0.0049,2456.0,0.00299,0.77498,0.08535,,
train,2.0,400.0,0.0049,2456.0,0.00265,0.65587,0.08631,,
train,2.0,410.0,0.0049,2456.0,0.00297,0.66166,0.08516,,
train,2.0,420.0,0.0049,2456.0,0.00326,0.65058,0.08701,,
train,2.0,430.0,0.0049,2456.0,0.00286,0.98189,0.08646,,
train,2.0,440.0,0.0049,2456.0,0.00305,0.80427,0.08665,,
train,2.0,450.0,0.0049,2456.0,0.00333,0.87792,0.09055,,
train,2.0,460.0,0.0049,2456.0,0.00327,0.80159,0.08889,,
train,2.0,470.0,0.0049,2456.0,0.00275,0.75126,0.08834,,
train,2.0,480.0,0.0049,2456.0,0.00318,0.7177,0.08876,,
train,2.0,490.0,0.0049,2456.0,0.00265,0.91242,0.08683,,
train,2.0,500.0,0.0049,2456.0,0.00277,0.83888,0.08694,,
train,2.0,510.0,0.0049,2456.0,0.00299,0.7881,0.08701,,
train,2.0,520.0,0.0049,2456.0,0.00286,0.84423,0.08923,,
train,2.0,530.0,0.0049,2456.0,0.00308,0.68085,0.08729,,
train,2.0,540.0,0.0049,2456.0,0.00305,0.77284,0.08822,,
train,2.0,550.0,0.0049,2456.0,0.00359,0.80636,0.08832,,
train,2.0,560.0,0.0049,2456.0,0.00279,0.71441,0.08696,,
train,2.0,570.0,0.0049,2456.0,0.00262,0.77717,0.08728,,
train,2.0,580.0,0.0049,2456.0,0.00264,0.70226,0.08655,,
train,2.0,590.0,0.0049,2456.0,0.00276,0.77564,0.08712,,
train,2.0,600.0,0.0049,2456.0,0.00266,0.72943,0.08726,,
train,2.0,610.0,0.0049,2456.0,0.00307,0.66602,0.08794,,
train,2.0,620.0,0.0049,2456.0,0.00319,0.69002,0.08822,,
train,2.0,630.0,0.0049,2456.0,0.0029,0.72751,0.08685,,
train,2.0,640.0,0.0049,2456.0,0.00296,0.98052,0.08728,,
train,2.0,650.0,0.0049,2456.0,0.00339,0.76764,0.08792,,
train,2.0,660.0,0.0049,2456.0,0.00294,0.81441,0.08711,,
train,2.0,670.0,0.0049,2456.0,0.00296,0.74243,0.08825,,
train,2.0,680.0,0.0049,2456.0,0.00344,0.65168,0.08815,,
train,2.0,690.0,0.0049,2456.0,0.00301,0.74823,0.08824,,
train,2.0,700.0,0.0049,2456.0,0.00313,0.65464,0.08859,,
train,2.0,710.0,0.0049,2456.0,0.00271,0.73206,0.08755,,
train,2.0,720.0,0.0049,2456.0,0.00308,0.81377,0.08802,,
train,2.0,730.0,0.0049,2456.0,0.00329,0.88443,0.08747,,
train,2.0,740.0,0.0049,2456.0,0.0029,0.76043,0.08635,,
train,2.0,750.0,0.0049,2456.0,0.00302,0.72657,0.08612,,
train,2.0,760.0,0.0049,2456.0,0.00346,0.83078,0.08723,,
train,2.0,770.0,0.0049,2456.0,0.0034,0.68111,0.08717,,
train,2.0,780.0,0.0049,2456.0,0.00284,0.6917,0.08736,,
train,2.0,790.0,0.0049,2456.0,0.00299,0.75164,0.08776,,
train,2.0,800.0,0.0049,2456.0,0.00301,0.72475,0.0888,,
train,2.0,810.0,0.0049,2456.0,0.00283,0.69786,0.08753,,
train,2.0,820.0,0.0049,2456.0,0.00312,0.73108,0.08701,,
train,2.0,830.0,0.0049,2456.0,0.00311,0.72677,0.08696,,
train,2.0,840.0,0.0049,2456.0,0.00304,0.65484,0.08845,,
train,2.0,850.0,0.0049,2456.0,0.00313,0.75804,0.08779,,
train,2.0,860.0,0.0049,2456.0,0.00316,0.84034,0.08767,,
train,2.0,870.0,0.0049,2456.0,0.00285,0.79937,0.08885,,
train,2.0,880.0,0.0049,2456.0,0.00267,0.73854,0.08647,,
train,2.0,890.0,0.0049,2456.0,0.0031,0.76443,0.08657,,
train,2.0,900.0,0.0049,2456.0,0.00321,0.75314,0.08798,,
train,2.0,910.0,0.0049,2456.0,0.00308,0.77247,0.08776,,
train,2.0,920.0,0.0049,2456.0,0.00322,0.77563,0.08793,,
train,2.0,930.0,0.0049,2456.0,0.00317,0.73878,0.0863,,
train,2.0,940.0,0.0049,2456.0,0.0033,0.79318,0.08698,,
train,2.0,950.0,0.0049,2456.0,0.00282,0.79352,0.08658,,
train,2.0,960.0,0.0049,2456.0,0.00299,0.72956,0.08785,,
train,2.0,970.0,0.0049,2456.0,0.00308,0.62951,0.08646,,
train,2.0,980.0,0.0049,2456.0,0.00288,0.65168,0.08631,,
train,2.0,990.0,0.0049,2456.0,0.00311,0.67358,0.08674,,
train,2.0,1000.0,0.0049,2456.0,0.00295,0.65466,0.08729,,
train,2.0,1010.0,0.0049,2456.0,0.00316,0.8129,0.08728,,
train,2.0,1020.0,0.0049,2456.0,0.00297,0.71217,0.08822,,
train,2.0,1030.0,0.0049,2456.0,0.00306,0.7556,0.08753,,
train,2.0,1040.0,0.0049,2456.0,0.00312,0.80149,0.0876,,
train,2.0,1050.0,0.0049,2456.0,0.00313,0.73998,0.08737,,
train,2.0,1060.0,0.0049,2456.0,0.00329,0.78797,0.08782,,
train,2.0,1070.0,0.0049,2456.0,0.00317,0.69602,0.0877,,
train,2.0,1080.0,0.0049,2456.0,0.00306,0.68685,0.0873,,
train,2.0,1090.0,0.0049,2456.0,0.0031,0.73627,0.08824,,
train,2.0,1100.0,0.0049,2456.0,0.00323,0.68877,0.08758,,
train,2.0,1110.0,0.0049,2456.0,0.00325,0.82474,0.08559,,
train,2.0,1120.0,0.0049,2456.0,0.00295,0.78538,0.08531,,
train,2.0,1130.0,0.0049,2456.0,0.00328,0.77108,0.08544,,
train,2.0,1140.0,0.0049,2456.0,0.00332,0.70488,0.08525,,
train,2.0,1150.0,0.0049,2456.0,0.0031,0.63931,0.08517,,
train,2.0,1160.0,0.0049,2456.0,0.00297,0.66944,0.08526,,
train,2.0,1170.0,0.0049,2456.0,0.00318,0.75826,0.08544,,
train,2.0,1180.0,0.0049,2456.0,0.00282,0.77794,0.08583,,
train,2.0,1190.0,0.0049,2456.0,0.00312,0.72729,0.08595,,
train,2.0,1200.0,0.0049,2456.0,0.00314,0.88948,0.08666,,
train,2.0,1210.0,0.0049,2456.0,0.00318,0.6801,0.0859,,
train,2.0,1220.0,0.0049,2456.0,0.00304,0.74652,0.08645,,
train,2.0,1230.0,0.0049,2456.0,0.00311,0.77249,0.0852,,
train,2.0,1240.0,0.0049,2456.0,0.00353,0.71316,0.08556,,
train,2.0,1250.0,0.0049,2456.0,0.00322,0.69711,0.08555,,
train,2.0,1260.0,0.0049,2456.0,0.00314,0.61603,0.08523,,
train,2.0,1270.0,0.0049,2456.0,0.00348,0.64611,0.08582,,
train,2.0,1280.0,0.0049,2456.0,0.00297,0.74215,0.08594,,
train,2.0,1290.0,0.0049,2456.0,0.00318,0.69847,0.0877,,
train,2.0,1300.0,0.0049,2456.0,0.00315,0.63466,0.08793,,
train,2.0,1310.0,0.0049,2456.0,0.00279,0.7481,0.08648,,
train,2.0,1320.0,0.0049,2456.0,0.00305,0.94176,0.08625,,
train,2.0,1330.0,0.0049,2456.0,0.00295,0.70616,0.08564,,
train,2.0,1340.0,0.0049,2456.0,0.00316,0.79651,0.08698,,
train,2.0,1350.0,0.0049,2456.0,0.00303,0.69803,0.08681,,
train,2.0,1360.0,0.0049,2456.0,0.00308,0.79759,0.08703,,
train,2.0,1370.0,0.0049,2456.0,0.00283,0.80983,0.08651,,
train,2.0,1380.0,0.0049,2456.0,0.00301,0.79731,0.08611,,
train,2.0,1390.0,0.0049,2456.0,0.003,0.76817,0.08703,,
train,2.0,1400.0,0.0049,2456.0,0.00291,0.72929,0.08642,,
train,2.0,1410.0,0.0049,2456.0,0.00332,0.61052,0.08638,,
train,2.0,1420.0,0.0049,2456.0,0.00283,0.73984,0.08672,,
train,2.0,1430.0,0.0049,2456.0,0.00278,0.86631,0.08638,,
train,2.0,1440.0,0.0049,2456.0,0.00301,0.7181,0.087,,
train,2.0,1450.0,0.0049,2456.0,0.00274,0.70884,0.08661,,
train,2.0,1460.0,0.0049,2456.0,0.00283,0.53967,0.0864,,
train,2.0,1470.0,0.0049,2456.0,0.00281,0.67498,0.08645,,
train,2.0,1480.0,0.0049,2456.0,0.00323,0.6916,0.08647,,
train,2.0,1490.0,0.0049,2456.0,0.00277,0.68662,0.08674,,
train,2.0,1500.0,0.0049,2456.0,0.00292,0.67995,0.08663,,
train,2.0,1510.0,0.0049,2456.0,0.00299,0.68414,0.08749,,
train,2.0,1520.0,0.0049,2456.0,0.0025,0.56981,0.08547,,
train,2.0,1530.0,0.0049,2456.0,0.00334,0.58035,0.08693,,
train,2.0,1540.0,0.0049,2456.0,0.00311,0.54971,0.08645,,
train,2.0,1550.0,0.0049,2456.0,0.00334,0.75218,0.08802,,
train,2.0,1560.0,0.0049,2456.0,0.00329,0.74063,0.08733,,
train,3.0,10.0,0.0048,2456.0,0.21208,0.66188,0.29413,,
train,3.0,20.0,0.0048,2456.0,0.00374,0.70739,0.08628,,
train,3.0,30.0,0.0048,2456.0,0.0031,0.74411,0.08602,,
train,3.0,40.0,0.0048,2456.0,0.00319,0.70169,0.08647,,
train,3.0,50.0,0.0048,2456.0,0.00311,0.58584,0.08664,,
train,3.0,60.0,0.0048,2456.0,0.00291,0.73377,0.08855,,
train,3.0,70.0,0.0048,2456.0,0.00182,0.63598,0.08737,,
train,3.0,80.0,0.0048,2456.0,0.00174,0.58357,0.0896,,
train,3.0,90.0,0.0048,2456.0,0.00272,0.62547,0.08934,,
train,3.0,100.0,0.0048,2456.0,0.00227,0.66835,0.09013,,
train,3.0,110.0,0.0048,2456.0,0.0025,0.53894,0.0897,,
train,3.0,120.0,0.0048,2456.0,0.00253,0.73544,0.08753,,
train,3.0,130.0,0.0048,2456.0,0.0026,0.61691,0.08682,,
train,3.0,140.0,0.0048,2456.0,0.00248,0.68386,0.08703,,
train,3.0,150.0,0.0048,2456.0,0.0023,0.71029,0.08626,,
train,3.0,160.0,0.0048,2456.0,0.00295,0.59428,0.0872,,
train,3.0,170.0,0.0048,2456.0,0.00284,0.72072,0.08671,,
train,3.0,180.0,0.0048,2456.0,0.00275,0.69984,0.08681,,
train,3.0,190.0,0.0048,2456.0,0.00254,0.64211,0.08762,,
train,3.0,200.0,0.0048,2456.0,0.00253,0.71519,0.08689,,
train,3.0,210.0,0.0048,2456.0,0.00311,0.57732,0.08911,,
train,3.0,220.0,0.0048,2456.0,0.00283,0.7075,0.08739,,
train,3.0,230.0,0.0048,2456.0,0.00298,0.66204,0.08875,,
train,3.0,240.0,0.0048,2456.0,0.0028,0.58619,0.08779,,
train,3.0,250.0,0.0048,2456.0,0.00288,0.6634,0.08843,,
train,3.0,260.0,0.0048,2456.0,0.00277,0.65206,0.08848,,
train,3.0,270.0,0.0048,2456.0,0.00231,0.67908,0.08625,,
train,3.0,280.0,0.0048,2456.0,0.00346,0.74883,0.08542,,
train,3.0,290.0,0.0048,2456.0,0.00383,0.7651,0.086,,
train,3.0,300.0,0.0048,2456.0,0.00323,0.59628,0.0861,,
train,3.0,310.0,0.0048,2456.0,0.0026,0.74961,0.08413,,
train,3.0,320.0,0.0048,2456.0,0.00327,0.67052,0.08507,,
train,3.0,330.0,0.0048,2456.0,0.00329,0.67597,0.08589,,
train,3.0,340.0,0.0048,2456.0,0.00289,0.69868,0.08635,,
train,3.0,350.0,0.0048,2456.0,0.0029,0.71554,0.08572,,
train,3.0,360.0,0.0048,2456.0,0.00305,0.59956,0.08674,,
train,3.0,370.0,0.0048,2456.0,0.00355,0.62809,0.08678,,
train,3.0,380.0,0.0048,2456.0,0.00325,0.75215,0.08566,,
train,3.0,390.0,0.0048,2456.0,0.00308,0.69765,0.08639,,
train,3.0,400.0,0.0048,2456.0,0.00321,0.54007,0.08621,,
train,3.0,410.0,0.0048,2456.0,0.00297,0.70052,0.08558,,
train,3.0,420.0,0.0048,2456.0,0.0031,0.62359,0.08614,,
train,3.0,430.0,0.0048,2456.0,0.0031,0.7254,0.0858,,
train,3.0,440.0,0.0048,2456.0,0.00306,0.69045,0.08553,,
train,3.0,450.0,0.0048,2456.0,0.00329,0.57125,0.08645,,
train,3.0,460.0,0.0048,2456.0,0.00358,0.58883,0.08712,,
train,3.0,470.0,0.0048,2456.0,0.00299,0.65016,0.08692,,
train,3.0,480.0,0.0048,2456.0,0.00324,0.72728,0.08795,,
train,3.0,490.0,0.0048,2456.0,0.00308,0.69354,0.08785,,
train,3.0,500.0,0.0048,2456.0,0.00266,0.71164,0.08669,,
train,3.0,510.0,0.0048,2456.0,0.00312,0.56456,0.08741,,
train,3.0,520.0,0.0048,2456.0,0.00275,0.72581,0.08551,,
train,3.0,530.0,0.0048,2456.0,0.00308,0.53487,0.08548,,
train,3.0,540.0,0.0048,2456.0,0.00328,0.75506,0.08744,,
train,3.0,550.0,0.0048,2456.0,0.00303,0.69428,0.08793,,
train,3.0,560.0,0.0048,2456.0,0.00268,0.75874,0.08744,,
train,3.0,570.0,0.0048,2456.0,0.00283,0.6143,0.08692,,
train,3.0,580.0,0.0048,2456.0,0.00301,0.55778,0.0878,,
train,3.0,590.0,0.0048,2456.0,0.00315,0.66335,0.08877,,
train,3.0,600.0,0.0048,2456.0,0.00306,0.71308,0.08878,,
train,3.0,610.0,0.0048,2456.0,0.00307,0.64495,0.08808,,
train,3.0,620.0,0.0048,2456.0,0.00287,0.74062,0.08764,,
train,3.0,630.0,0.0048,2456.0,0.00297,0.62738,0.08867,,
train,3.0,640.0,0.0048,2456.0,0.00293,0.55616,0.08785,,
train,3.0,650.0,0.0048,2456.0,0.00341,0.57507,0.08627,,
train,3.0,660.0,0.0048,2456.0,0.00301,0.68551,0.08558,,
train,3.0,670.0,0.0048,2456.0,0.00301,0.66176,0.0876,,
train,3.0,680.0,0.0048,2456.0,0.00286,0.68565,0.08685,,
train,3.0,690.0,0.0048,2456.0,0.00317,0.66716,0.08705,,
train,3.0,700.0,0.0048,2456.0,0.00281,0.6765,0.08608,,
train,3.0,710.0,0.0048,2456.0,0.00285,0.61331,0.08628,,
train,3.0,720.0,0.0048,2456.0,0.00289,0.67664,0.08636,,
train,3.0,730.0,0.0048,2456.0,0.00281,0.55763,0.08623,,
train,3.0,740.0,0.0048,2456.0,0.00281,0.65909,0.08684,,
train,3.0,750.0,0.0048,2456.0,0.00286,0.72486,0.08695,,
train,3.0,760.0,0.0048,2456.0,0.00292,0.71438,0.08721,,
train,3.0,770.0,0.0048,2456.0,0.003,0.64298,0.08688,,
train,3.0,780.0,0.0048,2456.0,0.00282,0.65616,0.08632,,
train,3.0,790.0,0.0048,2456.0,0.00283,0.59311,0.08576,,
train,3.0,800.0,0.0048,2456.0,0.003,0.57012,0.08662,,
train,3.0,810.0,0.0048,2456.0,0.0027,0.70089,0.08658,,
train,3.0,820.0,0.0048,2456.0,0.00325,0.69647,0.08686,,
train,3.0,830.0,0.0048,2456.0,0.00284,0.68031,0.08712,,
train,3.0,840.0,0.0048,2456.0,0.00331,0.65154,0.08688,,
train,3.0,850.0,0.0048,2456.0,0.00309,0.69731,0.08608,,
train,3.0,860.0,0.0048,2456.0,0.00279,0.7138,0.08655,,
train,3.0,870.0,0.0048,2456.0,0.00272,0.63168,0.08783,,
train,3.0,880.0,0.0048,2456.0,0.00269,0.69797,0.08768,,
train,3.0,890.0,0.0048,2456.0,0.00296,0.6697,0.08678,,
train,3.0,900.0,0.0048,2456.0,0.00297,0.70412,0.08688,,
train,3.0,910.0,0.0048,2456.0,0.00311,0.56678,0.08872,,
train,3.0,920.0,0.0048,2456.0,0.00302,0.66701,0.08821,,
train,3.0,930.0,0.0048,2456.0,0.00304,0.67224,0.08778,,
train,3.0,940.0,0.0048,2456.0,0.00273,0.60907,0.08694,,
train,3.0,950.0,0.0048,2456.0,0.00286,0.62873,0.08778,,
train,3.0,960.0,0.0048,2456.0,0.003,0.70923,0.08767,,
train,3.0,970.0,0.0048,2456.0,0.00277,0.6437,0.08804,,
train,3.0,980.0,0.0048,2456.0,0.00301,0.64311,0.0878,,
train,3.0,990.0,0.0048,2456.0,0.00289,0.67578,0.08785,,
train,3.0,1000.0,0.0048,2456.0,0.00289,0.72203,0.08836,,
train,3.0,1010.0,0.0048,2456.0,0.00285,0.70809,0.08803,,
train,3.0,1020.0,0.0048,2456.0,0.00281,0.66718,0.08854,,
train,3.0,1030.0,0.0048,2456.0,0.00298,0.69706,0.08806,,
train,3.0,1040.0,0.0048,2456.0,0.00307,0.66935,0.08799,,
train,3.0,1050.0,0.0048,2456.0,0.00297,0.6762,0.0871,,
train,3.0,1060.0,0.0048,2456.0,0.00327,0.71183,0.08815,,
train,3.0,1070.0,0.0048,2456.0,0.00304,0.59882,0.08799,,
train,3.0,1080.0,0.0048,2456.0,0.0027,0.64934,0.08815,,
train,3.0,1090.0,0.0048,2456.0,0.00295,0.65335,0.08945,,
train,3.0,1100.0,0.0048,2456.0,0.00299,0.66522,0.08926,,
train,3.0,1110.0,0.0048,2456.0,0.00436,0.72163,0.09129,,
train,3.0,1120.0,0.0048,2456.0,0.00291,0.67272,0.09022,,
train,3.0,1130.0,0.0048,2456.0,0.00329,0.58543,0.0888,,
train,3.0,1140.0,0.0048,2456.0,0.00269,0.65658,0.08798,,
train,3.0,1150.0,0.0048,2456.0,0.00305,0.59704,0.08883,,
train,3.0,1160.0,0.0048,2456.0,0.00299,0.63201,0.08874,,
train,3.0,1170.0,0.0048,2456.0,0.00329,0.71218,0.08892,,
train,3.0,1180.0,0.0048,2456.0,0.0031,0.65049,0.08745,,
train,3.0,1190.0,0.0048,2456.0,0.00309,0.86097,0.08652,,
train,3.0,1200.0,0.0048,2456.0,0.00295,0.7021,0.08677,,
train,3.0,1210.0,0.0048,2456.0,0.00293,0.57223,0.08704,,
train,3.0,1220.0,0.0048,2456.0,0.00286,0.64497,0.08883,,
train,3.0,1230.0,0.0048,2456.0,0.00325,0.66139,0.08876,,
train,3.0,1240.0,0.0048,2456.0,0.00292,0.70412,0.08955,,
train,3.0,1250.0,0.0048,2456.0,0.00241,0.59808,0.0863,,
train,3.0,1260.0,0.0048,2456.0,0.00287,0.72656,0.08699,,
train,3.0,1270.0,0.0048,2456.0,0.00304,0.72283,0.08742,,
train,3.0,1280.0,0.0048,2456.0,0.00291,0.61688,0.08721,,
train,3.0,1290.0,0.0048,2456.0,0.00277,0.62764,0.08797,,
train,3.0,1300.0,0.0048,2456.0,0.00273,0.61137,0.08853,,
train,3.0,1310.0,0.0048,2456.0,0.00292,0.67018,0.08761,,
train,3.0,1320.0,0.0048,2456.0,0.00303,0.64654,0.08908,,
train,3.0,1330.0,0.0048,2456.0,0.00289,0.64002,0.08913,,
train,3.0,1340.0,0.0048,2456.0,0.00281,0.60619,0.08859,,
train,3.0,1350.0,0.0048,2456.0,0.00298,0.71882,0.08748,,
train,3.0,1360.0,0.0048,2456.0,0.00288,0.61126,0.08802,,
train,3.0,1370.0,0.0048,2456.0,0.00332,0.59865,0.0883,,
train,3.0,1380.0,0.0048,2456.0,0.00277,0.62336,0.08772,,
train,3.0,1390.0,0.0048,2456.0,0.00283,0.71261,0.08811,,
train,3.0,1400.0,0.0048,2456.0,0.00308,0.67851,0.08794,,
train,3.0,1410.0,0.0048,2456.0,0.00297,0.67371,0.08989,,
train,3.0,1420.0,0.0048,2456.0,0.00329,0.61497,0.08965,,
train,3.0,1430.0,0.0048,2456.0,0.00259,0.66847,0.08819,,
train,3.0,1440.0,0.0048,2456.0,0.00271,0.65724,0.08779,,
train,3.0,1450.0,0.0048,2456.0,0.00329,0.64282,0.08639,,
train,3.0,1460.0,0.0048,2456.0,0.00313,0.57204,0.0883,,
train,3.0,1470.0,0.0048,2456.0,0.00297,0.62244,0.08781,,
train,3.0,1480.0,0.0048,2456.0,0.00286,0.59998,0.0867,,
train,3.0,1490.0,0.0048,2456.0,0.00284,0.56264,0.08682,,
train,3.0,1500.0,0.0048,2456.0,0.00269,0.77011,0.08762,,
train,3.0,1510.0,0.0048,2456.0,0.00289,0.67503,0.08684,,
train,3.0,1520.0,0.0048,2456.0,0.00326,0.6464,0.08763,,
train,3.0,1530.0,0.0048,2456.0,0.00289,0.69038,0.08747,,
train,3.0,1540.0,0.0048,2456.0,0.00315,0.65796,0.08764,,
train,3.0,1550.0,0.0048,2456.0,0.00327,0.64974,0.08857,,
train,3.0,1560.0,0.0048,2456.0,0.00257,0.69046,0.08709,,
train,4.0,10.0,0.00471,2456.0,0.21492,0.60333,0.29894,,
train,4.0,20.0,0.00471,2456.0,0.00288,0.69299,0.0866,,
train,4.0,30.0,0.00471,2456.0,0.00263,0.68908,0.08587,,
train,4.0,40.0,0.00471,2456.0,0.00282,0.61577,0.08541,,
train,4.0,50.0,0.00471,2456.0,0.00355,0.54857,0.08588,,
train,4.0,60.0,0.00471,2456.0,0.00292,0.49715,0.08574,,
train,4.0,70.0,0.00471,2456.0,0.00287,0.65101,0.08376,,
train,4.0,80.0,0.00471,2456.0,0.00373,0.58169,0.08685,,
train,4.0,90.0,0.00471,2456.0,0.00302,0.8196,0.08793,,
train,4.0,100.0,0.00471,2456.0,0.00286,0.5763,0.08639,,
train,4.0,110.0,0.00471,2456.0,0.00297,0.62622,0.08632,,
train,4.0,120.0,0.00471,2456.0,0.00298,0.6308,0.08817,,
train,4.0,130.0,0.00471,2456.0,0.00317,0.65685,0.08816,,
train,4.0,140.0,0.00471,2456.0,0.00276,0.54226,0.08676,,
train,4.0,150.0,0.00471,2456.0,0.0037,0.60044,0.08647,,
train,4.0,160.0,0.00471,2456.0,0.00302,0.60912,0.08604,,
train,4.0,170.0,0.00471,2456.0,0.00292,0.61633,0.08579,,
train,4.0,180.0,0.00471,2456.0,0.00312,0.67746,0.08711,,
train,4.0,190.0,0.00471,2456.0,0.00312,0.63546,0.08647,,
train,4.0,200.0,0.00471,2456.0,0.00294,0.58688,0.08611,,
train,4.0,210.0,0.00471,2456.0,0.0034,0.64478,0.08629,,
train,4.0,220.0,0.00471,2456.0,0.00309,0.59433,0.08598,,
train,4.0,230.0,0.00471,2456.0,0.00294,0.60755,0.08638,,
train,4.0,240.0,0.00471,2456.0,0.00311,0.67783,0.08637,,
train,4.0,250.0,0.00471,2456.0,0.00308,0.58079,0.08677,,
train,4.0,260.0,0.00471,2456.0,0.00278,0.62027,0.08689,,
train,4.0,270.0,0.00471,2456.0,0.00288,0.60355,0.08691,,
train,4.0,280.0,0.00471,2456.0,0.00346,0.5876,0.08644,,
train,4.0,290.0,0.00471,2456.0,0.00306,0.63059,0.08674,,
train,4.0,300.0,0.00471,2456.0,0.00293,0.67455,0.087,,
train,4.0,310.0,0.00471,2456.0,0.00306,0.51243,0.08623,,
train,4.0,320.0,0.00471,2456.0,0.00344,0.71303,0.08826,,
train,4.0,330.0,0.00471,2456.0,0.00294,0.66368,0.08652,,
train,4.0,340.0,0.00471,2456.0,0.00298,0.57731,0.086,,
train,4.0,350.0,0.00471,2456.0,0.00321,0.55979,0.08723,,
train,4.0,360.0,0.00471,2456.0,0.00312,0.58459,0.08716,,
train,4.0,370.0,0.00471,2456.0,0.00356,0.54912,0.08722,,
train,4.0,380.0,0.00471,2456.0,0.00378,0.62282,0.08781,,
train,4.0,390.0,0.00471,2456.0,0.00346,0.66543,0.08656,,
train,4.0,400.0,0.00471,2456.0,0.00303,0.63934,0.08768,,
train,4.0,410.0,0.00471,2456.0,0.00318,0.55198,0.08662,,
train,4.0,420.0,0.00471,2456.0,0.00308,0.65444,0.08762,,
train,4.0,430.0,0.00471,2456.0,0.00268,0.69316,0.08641,,
train,4.0,440.0,0.00471,2456.0,0.00297,0.52893,0.08576,,
train,4.0,450.0,0.00471,2456.0,0.00352,0.66768,0.087,,
train,4.0,460.0,0.00471,2456.0,0.00291,0.5976,0.08675,,
train,4.0,470.0,0.00471,2456.0,0.00277,0.63806,0.08615,,
train,4.0,480.0,0.00471,2456.0,0.00302,0.67627,0.08604,,
train,4.0,490.0,0.00471,2456.0,0.00298,0.61966,0.08676,,
train,4.0,500.0,0.00471,2456.0,0.00314,0.62009,0.08723,,
train,4.0,510.0,0.00471,2456.0,0.00292,0.663,0.08693,,
train,4.0,520.0,0.00471,2456.0,0.00302,0.6797,0.08719,,
train,4.0,530.0,0.00471,2456.0,0.00281,0.68703,0.08617,,
train,4.0,540.0,0.00471,2456.0,0.0031,0.68443,0.08615,,
train,4.0,550.0,0.00471,2456.0,0.00328,0.71264,0.0865,,
train,4.0,560.0,0.00471,2456.0,0.00287,0.57058,0.08774,,
train,4.0,570.0,0.00471,2456.0,0.00314,0.72698,0.08746,,
train,4.0,580.0,0.00471,2456.0,0.00305,0.62067,0.08764,,
train,4.0,590.0,0.00471,2456.0,0.00285,0.50221,0.08678,,
train,4.0,600.0,0.00471,2456.0,0.00313,0.57768,0.08769,,
train,4.0,610.0,0.00471,2456.0,0.00317,0.62374,0.08762,,
train,4.0,620.0,0.00471,2456.0,0.00312,0.57383,0.08672,,
train,4.0,630.0,0.00471,2456.0,0.0032,0.6258,0.08768,,
train,4.0,640.0,0.00471,2456.0,0.00312,0.6591,0.08622,,
train,4.0,650.0,0.00471,2456.0,0.00365,0.65402,0.08689,,
train,4.0,660.0,0.00471,2456.0,0.00324,0.54964,0.08705,,
train,4.0,670.0,0.00471,2456.0,0.00304,0.62348,0.08589,,
train,4.0,680.0,0.00471,2456.0,0.00318,0.49413,0.08649,,
train,4.0,690.0,0.00471,2456.0,0.00291,0.56712,0.08693,,
train,4.0,700.0,0.00471,2456.0,0.0026,0.59982,0.08675,,
train,4.0,710.0,0.00471,2456.0,0.00329,0.71005,0.0868,,
train,4.0,720.0,0.00471,2456.0,0.00288,0.65193,0.08636,,
train,4.0,730.0,0.00471,2456.0,0.0029,0.68635,0.08754,,
train,4.0,740.0,0.00471,2456.0,0.00309,0.70017,0.08711,,
train,4.0,750.0,0.00471,2456.0,0.00331,0.68493,0.08808,,
train,4.0,760.0,0.00471,2456.0,0.00302,0.60148,0.08765,,
train,4.0,770.0,0.00471,2456.0,0.00316,0.75359,0.08787,,
train,4.0,780.0,0.00471,2456.0,0.00304,0.56489,0.08768,,
train,4.0,790.0,0.00471,2456.0,0.00299,0.67165,0.08718,,
train,4.0,800.0,0.00471,2456.0,0.00304,0.59367,0.086,,
train,4.0,810.0,0.00471,2456.0,0.00267,0.54257,0.08605,,
train,4.0,820.0,0.00471,2456.0,0.00279,0.63366,0.08632,,
train,4.0,830.0,0.00471,2456.0,0.00318,0.59556,0.08709,,
train,4.0,840.0,0.00471,2456.0,0.00315,0.60371,0.08825,,
train,4.0,850.0,0.00471,2456.0,0.00286,0.60116,0.08814,,
train,4.0,860.0,0.00471,2456.0,0.00288,0.65692,0.08705,,
train,4.0,870.0,0.00471,2456.0,0.00331,0.55818,0.08838,,
train,4.0,880.0,0.00471,2456.0,0.0028,0.60534,0.08758,,
train,4.0,890.0,0.00471,2456.0,0.00293,0.55948,0.0885,,
train,4.0,900.0,0.00471,2456.0,0.00227,0.62411,0.0882,,
train,4.0,910.0,0.00471,2456.0,0.00269,0.6823,0.08852,,
train,4.0,920.0,0.00471,2456.0,0.00279,0.53657,0.08997,,
train,4.0,930.0,0.00471,2456.0,0.00263,0.50771,0.08906,,
train,4.0,940.0,0.00471,2456.0,0.00311,0.6402,0.08798,,
train,4.0,950.0,0.00471,2456.0,0.00319,0.63072,0.0872,,
train,4.0,960.0,0.00471,2456.0,0.00315,0.63228,0.08698,,
train,4.0,970.0,0.00471,2456.0,0.00318,0.5357,0.08759,,
train,4.0,980.0,0.00471,2456.0,0.00346,0.59126,0.08835,,
train,4.0,990.0,0.00471,2456.0,0.00342,0.62936,0.0874,,
train,4.0,1000.0,0.00471,2456.0,0.00305,0.66313,0.08781,,
train,4.0,1010.0,0.00471,2456.0,0.00345,0.65513,0.08823,,
train,4.0,1020.0,0.00471,2456.0,0.00299,0.63687,0.08794,,
train,4.0,1030.0,0.00471,2456.0,0.00333,0.62725,0.08733,,
train,4.0,1040.0,0.00471,2456.0,0.00293,0.50669,0.08717,,
train,4.0,1050.0,0.00471,2456.0,0.00235,0.6618,0.08676,,
train,4.0,1060.0,0.00471,2456.0,0.00332,0.5699,0.08869,,
train,4.0,1070.0,0.00471,2456.0,0.00272,0.63224,0.08738,,
train,4.0,1080.0,0.00471,2456.0,0.00307,0.55228,0.08716,,
train,4.0,1090.0,0.00471,2456.0,0.00301,0.61144,0.08752,,
train,4.0,1100.0,0.00471,2456.0,0.00309,0.67891,0.08716,,
train,4.0,1110.0,0.00471,2456.0,0.00308,0.69349,0.08737,,
train,4.0,1120.0,0.00471,2456.0,0.00295,0.61326,0.08816,,
train,4.0,1130.0,0.00471,2456.0,0.00306,0.67435,0.08809,,
train,4.0,1140.0,0.00471,2456.0,0.00296,0.60152,0.08664,,
train,4.0,1150.0,0.00471,2456.0,0.00344,0.57104,0.08687,,
train,4.0,1160.0,0.00471,2456.0,0.00345,0.61385,0.08618,,
train,4.0,1170.0,0.00471,2456.0,0.00329,0.55131,0.08641,,
train,4.0,1180.0,0.00471,2456.0,0.00298,0.58912,0.08618,,
train,4.0,1190.0,0.00471,2456.0,0.00289,0.68904,0.08675,,
train,4.0,1200.0,0.00471,2456.0,0.00315,0.66644,0.08842,,
train,4.0,1210.0,0.00471,2456.0,0.00331,0.72256,0.08771,,
train,4.0,1220.0,0.00471,2456.0,0.00313,0.67945,0.08752,,
train,4.0,1230.0,0.00471,2456.0,0.00327,0.50179,0.08709,,
train,4.0,1240.0,0.00471,2456.0,0.00297,0.57478,0.08747,,
train,4.0,1250.0,0.00471,2456.0,0.00288,0.55762,0.08829,,
train,4.0,1260.0,0.00471,2456.0,0.00289,0.57253,0.08849,,
train,4.0,1270.0,0.00471,2456.0,0.00319,0.4974,0.08802,,
train,4.0,1280.0,0.00471,2456.0,0.00283,0.72918,0.08795,,
train,4.0,1290.0,0.00471,2456.0,0.00302,0.52361,0.08726,,
train,4.0,1300.0,0.00471,2456.0,0.00324,0.58407,0.08765,,
train,4.0,1310.0,0.00471,2456.0,0.00285,0.64742,0.08698,,
train,4.0,1320.0,0.00471,2456.0,0.00337,0.60984,0.088,,
train,4.0,1330.0,0.00471,2456.0,0.00289,0.5779,0.08793,,
train,4.0,1340.0,0.00471,2456.0,0.00338,0.60932,0.08778,,
train,4.0,1350.0,0.00471,2456.0,0.00263,0.5785,0.08627,,
train,4.0,1360.0,0.00471,2456.0,0.00285,0.60715,0.0857,,
train,4.0,1370.0,0.00471,2456.0,0.00282,0.59943,0.08688,,
train,4.0,1380.0,0.00471,2456.0,0.00292,0.60088,0.08729,,
train,4.0,1390.0,0.00471,2456.0,0.00282,0.57392,0.08585,,
train,4.0,1400.0,0.00471,2456.0,0.00265,0.61092,0.08602,,
train,4.0,1410.0,0.00471,2456.0,0.00291,0.57735,0.08688,,
train,4.0,1420.0,0.00471,2456.0,0.00286,0.52312,0.08644,,
train,4.0,1430.0,0.00471,2456.0,0.00293,0.49558,0.08581,,
train,4.0,1440.0,0.00471,2456.0,0.0026,0.6302,0.08678,,
train,4.0,1450.0,0.00471,2456.0,0.0032,0.59729,0.08622,,
train,4.0,1460.0,0.00471,2456.0,0.0029,0.51689,0.08711,,
train,4.0,1470.0,0.00471,2456.0,0.00305,0.50253,0.08605,,
train,4.0,1480.0,0.00471,2456.0,0.00288,0.67247,0.08746,,
train,4.0,1490.0,0.00471,2456.0,0.00313,0.61177,0.0863,,
train,4.0,1500.0,0.00471,2456.0,0.00282,0.75999,0.08707,,
train,4.0,1510.0,0.00471,2456.0,0.00277,0.56133,0.08692,,
train,4.0,1520.0,0.00471,2456.0,0.003,0.60453,0.08472,,
train,4.0,1530.0,0.00471,2456.0,0.00285,0.65016,0.08551,,
train,4.0,1540.0,0.00471,2456.0,0.00283,0.60768,0.08568,,
train,4.0,1550.0,0.00471,2456.0,0.00285,0.61248,0.08621,,
train,4.0,1560.0,0.00471,2456.0,0.00313,0.62212,0.08632,,
train,5.0,10.0,0.00461,2456.0,0.21272,0.55102,0.29665,,
train,5.0,20.0,0.00461,2456.0,0.00262,0.61013,0.08605,,
train,5.0,30.0,0.00461,2456.0,0.00264,0.60966,0.08614,,
train,5.0,40.0,0.00461,2456.0,0.00283,0.69803,0.08681,,
train,5.0,50.0,0.00461,2456.0,0.0025,0.6561,0.08587,,
train,5.0,60.0,0.00461,2456.0,0.00273,0.56156,0.08578,,
train,5.0,70.0,0.00461,2456.0,0.00302,0.6163,0.08614,,
train,5.0,80.0,0.00461,2456.0,0.00273,0.63424,0.08627,,
train,5.0,90.0,0.00461,2456.0,0.00302,0.6079,0.08622,,
train,5.0,100.0,0.00461,2456.0,0.0029,0.58478,0.08568,,
train,5.0,110.0,0.00461,2456.0,0.00291,0.51614,0.0858,,
train,5.0,120.0,0.00461,2456.0,0.00288,0.6118,0.08587,,
train,5.0,130.0,0.00461,2456.0,0.00285,0.66512,0.08517,,
train,5.0,140.0,0.00461,2456.0,0.00307,0.62964,0.0871,,
train,5.0,150.0,0.00461,2456.0,0.00272,0.49323,0.0867,,
train,5.0,160.0,0.00461,2456.0,0.0031,0.62663,0.08763,,
train,5.0,170.0,0.00461,2456.0,0.00363,0.53034,0.08898,,
train,5.0,180.0,0.00461,2456.0,0.00317,0.55961,0.08705,,
train,5.0,190.0,0.00461,2456.0,0.00269,0.63629,0.0879,,
train,5.0,200.0,0.00461,2456.0,0.00289,0.59015,0.08821,,
train,5.0,210.0,0.00461,2456.0,0.00241,0.5664,0.08545,,
train,5.0,220.0,0.00461,2456.0,0.00281,0.56244,0.08629,,
train,5.0,230.0,0.00461,2456.0,0.00301,0.48898,0.08673,,
train,5.0,240.0,0.00461,2456.0,0.00304,0.61249,0.08828,,
train,5.0,250.0,0.00461,2456.0,0.00251,0.5646,0.08649,,
train,5.0,260.0,0.00461,2456.0,0.00294,0.55588,0.08711,,
train,5.0,270.0,0.00461,2456.0,0.00293,0.5651,0.08803,,
train,5.0,280.0,0.00461,2456.0,0.00296,0.68888,0.08721,,
train,5.0,290.0,0.00461,2456.0,0.00282,0.61203,0.08653,,
train,5.0,300.0,0.00461,2456.0,0.00338,0.61088,0.088,,
train,5.0,310.0,0.00461,2456.0,0.0027,0.6651,0.08611,,
train,5.0,320.0,0.00461,2456.0,0.00266,0.56398,0.08496,,
train,5.0,330.0,0.00461,2456.0,0.00308,0.55827,0.08621,,
train,5.0,340.0,0.00461,2456.0,0.00291,0.54685,0.08782,,
train,5.0,350.0,0.00461,2456.0,0.00328,0.60774,0.08731,,
train,5.0,360.0,0.00461,2456.0,0.00313,0.51059,0.08636,,
train,5.0,370.0,0.00461,2456.0,0.00339,0.59323,0.08651,,
train,5.0,380.0,0.00461,2456.0,0.00317,0.63127,0.08718,,
train,5.0,390.0,0.00461,2456.0,0.00249,0.51246,0.08599,,
train,5.0,400.0,0.00461,2456.0,0.00313,0.57111,0.08725,,
train,5.0,410.0,0.00461,2456.0,0.00248,0.5733,0.0859,,
train,5.0,420.0,0.00461,2456.0,0.00305,0.5627,0.08768,,
train,5.0,430.0,0.00461,2456.0,0.00336,0.53555,0.08784,,
train,5.0,440.0,0.00461,2456.0,0.00348,0.53147,0.08774,,
train,5.0,450.0,0.00461,2456.0,0.00307,0.58308,0.08945,,
train,5.0,460.0,0.00461,2456.0,0.00292,0.53963,0.08797,,
train,5.0,470.0,0.00461,2456.0,0.00283,0.52465,0.0869,,
train,5.0,480.0,0.00461,2456.0,0.00329,0.52565,0.08824,,
train,5.0,490.0,0.00461,2456.0,0.00291,0.60102,0.08625,,
train,5.0,500.0,0.00461,2456.0,0.00309,0.48557,0.08635,,
train,5.0,510.0,0.00461,2456.0,0.00335,0.54556,0.08776,,
train,5.0,520.0,0.00461,2456.0,0.00293,0.67989,0.08862,,
train,5.0,530.0,0.00461,2456.0,0.00283,0.61007,0.08881,,
train,5.0,540.0,0.00461,2456.0,0.00258,0.60747,0.08824,,
train,5.0,550.0,0.00461,2456.0,0.00293,0.68396,0.0874,,
train,5.0,560.0,0.00461,2456.0,0.00311,0.60437,0.08727,,
train,5.0,570.0,0.00461,2456.0,0.00333,0.56384,0.0879,,
train,5.0,580.0,0.00461,2456.0,0.00318,0.52959,0.08694,,
train,5.0,590.0,0.00461,2456.0,0.00313,0.53663,0.0879,,
train,5.0,600.0,0.00461,2456.0,0.00297,0.50028,0.08872,,
train,5.0,610.0,0.00461,2456.0,0.0028,0.62042,0.08679,,
train,5.0,620.0,0.00461,2456.0,0.00332,0.54903,0.08746,,
train,5.0,630.0,0.00461,2456.0,0.00329,0.54497,0.08939,,
train,5.0,640.0,0.00461,2456.0,0.00305,0.63066,0.08826,,
train,5.0,650.0,0.00461,2456.0,0.00342,0.53176,0.0893,,
train,5.0,660.0,0.00461,2456.0,0.00338,0.57732,0.08919,,
train,5.0,670.0,0.00461,2456.0,0.0025,0.51345,0.08748,,
train,5.0,680.0,0.00461,2456.0,0.00345,0.57417,0.08747,,
train,5.0,690.0,0.00461,2456.0,0.00361,0.60269,0.088,,
train,5.0,700.0,0.00461,2456.0,0.00358,0.41999,0.08775,,
train,5.0,710.0,0.00461,2456.0,0.00313,0.61243,0.08844,,
train,5.0,720.0,0.00461,2456.0,0.00324,0.59149,0.08702,,
train,5.0,730.0,0.00461,2456.0,0.00298,0.56154,0.0865,,
train,5.0,740.0,0.00461,2456.0,0.00282,0.68415,0.0866,,
train,5.0,750.0,0.00461,2456.0,0.00318,0.56074,0.08618,,
train,5.0,760.0,0.00461,2456.0,0.0035,0.69348,0.08702,,
train,5.0,770.0,0.00461,2456.0,0.00335,0.54134,0.08841,,
train,5.0,780.0,0.00461,2456.0,0.00369,0.53668,0.08893,,
train,5.0,790.0,0.00461,2456.0,0.0033,0.54049,0.08869,,
train,5.0,800.0,0.00461,2456.0,0.00317,0.62679,0.08821,,
train,5.0,810.0,0.00461,2456.0,0.00315,0.69621,0.08777,,
train,5.0,820.0,0.00461,2456.0,0.00318,0.53259,0.08751,,
train,5.0,830.0,0.00461,2456.0,0.00355,0.60292,0.08791,,
train,5.0,840.0,0.00461,2456.0,0.00277,0.55795,0.08679,,
train,5.0,850.0,0.00461,2456.0,0.00315,0.68212,0.08681,,
train,5.0,860.0,0.00461,2456.0,0.00303,0.54052,0.08668,,
train,5.0,870.0,0.00461,2456.0,0.00284,0.61046,0.08524,,
train,5.0,880.0,0.00461,2456.0,0.00284,0.70108,0.08596,,
train,5.0,890.0,0.00461,2456.0,0.0032,0.53563,0.08728,,
train,5.0,900.0,0.00461,2456.0,0.00261,0.54283,0.08603,,
train,5.0,910.0,0.00461,2456.0,0.00248,0.5608,0.08521,,
train,5.0,920.0,0.00461,2456.0,0.00326,0.52742,0.08674,,
train,5.0,930.0,0.00461,2456.0,0.00311,0.56293,0.08717,,
train,5.0,940.0,0.00461,2456.0,0.00296,0.68048,0.08743,,
train,5.0,950.0,0.00461,2456.0,0.00311,0.60746,0.08693,,
train,5.0,960.0,0.00461,2456.0,0.003,0.63259,0.08728,,
train,5.0,970.0,0.00461,2456.0,0.00307,0.5594,0.0858,,
train,5.0,980.0,0.00461,2456.0,0.00324,0.57897,0.08756,,
train,5.0,990.0,0.00461,2456.0,0.00356,0.60268,0.08818,,
train,5.0,1000.0,0.00461,2456.0,0.00292,0.50546,0.08714,,
train,5.0,1010.0,0.00461,2456.0,0.00299,0.61028,0.08892,,
train,5.0,1020.0,0.00461,2456.0,0.00268,0.64303,0.0865,,
train,5.0,1030.0,0.00461,2456.0,0.00321,0.59569,0.08704,,
train,5.0,1040.0,0.00461,2456.0,0.00288,0.57672,0.08667,,
train,5.0,1050.0,0.00461,2456.0,0.00297,0.53934,0.08662,,
train,5.0,1060.0,0.00461,2456.0,0.00266,0.53863,0.0867,,
train,5.0,1070.0,0.00461,2456.0,0.00294,0.55989,0.08607,,
train,5.0,1080.0,0.00461,2456.0,0.00336,0.61898,0.08687,,
train,5.0,1090.0,0.00461,2456.0,0.00299,0.58886,0.08793,,
train,5.0,1100.0,0.00461,2456.0,0.0032,0.67366,0.08805,,
train,5.0,1110.0,0.00461,2456.0,0.00288,0.55456,0.08784,,
train,5.0,1120.0,0.00461,2456.0,0.00299,0.62604,0.08699,,
train,5.0,1130.0,0.00461,2456.0,0.00287,0.57672,0.08714,,
train,5.0,1140.0,0.00461,2456.0,0.00292,0.49968,0.08725,,
train,5.0,1150.0,0.00461,2456.0,0.00256,0.56331,0.08761,,
train,5.0,1160.0,0.00461,2456.0,0.00215,0.5759,0.08675,,
train,5.0,1170.0,0.00461,2456.0,0.00334,0.5599,0.08843,,
train,5.0,1180.0,0.00461,2456.0,0.00338,0.55939,0.08807,,
train,5.0,1190.0,0.00461,2456.0,0.00308,0.66353,0.08874,,
train,5.0,1200.0,0.00461,2456.0,0.00304,0.56043,0.08738,,
train,5.0,1210.0,0.00461,2456.0,0.00344,0.48847,0.08808,,
train,5.0,1220.0,0.00461,2456.0,0.00281,0.45601,0.08859,,
train,5.0,1230.0,0.00461,2456.0,0.00281,0.6165,0.0885,,
train,5.0,1240.0,0.00461,2456.0,0.00319,0.58423,0.08734,,
train,5.0,1250.0,0.00461,2456.0,0.00314,0.60818,0.08766,,
train,5.0,1260.0,0.00461,2456.0,0.0029,0.54728,0.08814,,
train,5.0,1270.0,0.00461,2456.0,0.00294,0.55658,0.08834,,
train,5.0,1280.0,0.00461,2456.0,0.00287,0.58891,0.08675,,
train,5.0,1290.0,0.00461,2456.0,0.00289,0.53503,0.08797,,
train,5.0,1300.0,0.00461,2456.0,0.00293,0.60522,0.08679,,
train,5.0,1310.0,0.00461,2456.0,0.00291,0.68435,0.08843,,
train,5.0,1320.0,0.00461,2456.0,0.00289,0.48966,0.08825,,
train,5.0,1330.0,0.00461,2456.0,0.00272,0.50232,0.08789,,
train,5.0,1340.0,0.00461,2456.0,0.0032,0.66555,0.08835,,
train,5.0,1350.0,0.00461,2456.0,0.0028,0.50141,0.08811,,
train,5.0,1360.0,0.00461,2456.0,0.00298,0.5074,0.08788,,
train,5.0,1370.0,0.00461,2456.0,0.00283,0.53546,0.08939,,
train,5.0,1380.0,0.00461,2456.0,0.00273,0.58261,0.08717,,
train,5.0,1390.0,0.00461,2456.0,0.00331,0.56599,0.08882,,
train,5.0,1400.0,0.00461,2456.0,0.00268,0.6157,0.08708,,
train,5.0,1410.0,0.00461,2456.0,0.00288,0.53103,0.08781,,
train,5.0,1420.0,0.00461,2456.0,0.00285,0.53175,0.08761,,
train,5.0,1430.0,0.00461,2456.0,0.00328,0.59393,0.08766,,
train,5.0,1440.0,0.00461,2456.0,0.00291,0.55477,0.08655,,
train,5.0,1450.0,0.00461,2456.0,0.003,0.50276,0.0862,,
train,5.0,1460.0,0.00461,2456.0,0.00315,0.45544,0.08692,,
train,5.0,1470.0,0.00461,2456.0,0.00322,0.55001,0.08629,,
train,5.0,1480.0,0.00461,2456.0,0.00265,0.52856,0.08679,,
train,5.0,1490.0,0.00461,2456.0,0.00302,0.53361,0.08689,,
train,5.0,1500.0,0.00461,2456.0,0.00265,0.53676,0.08574,,
train,5.0,1510.0,0.00461,2456.0,0.00278,0.56404,0.08744,,
train,5.0,1520.0,0.00461,2456.0,0.00276,0.58623,0.08739,,
train,5.0,1530.0,0.00461,2456.0,0.00266,0.55148,0.0875,,
train,5.0,1540.0,0.00461,2456.0,0.003,0.54409,0.08864,,
train,5.0,1550.0,0.00461,2456.0,0.00258,0.63199,0.08779,,
train,5.0,1560.0,0.00461,2456.0,0.00277,0.5712,0.08754,,
train,6.0,10.0,0.00452,2456.0,0.21405,0.43719,0.29811,,
train,6.0,20.0,0.00452,2456.0,0.00284,0.56524,0.08754,,
train,6.0,30.0,0.00452,2456.0,0.00261,0.63293,0.08689,,
train,6.0,40.0,0.00452,2456.0,0.00311,0.50422,0.08696,,
train,6.0,50.0,0.00452,2456.0,0.00296,0.5541,0.08722,,
train,6.0,60.0,0.00452,2456.0,0.00285,0.54826,0.08848,,
train,6.0,70.0,0.00452,2456.0,0.00339,0.54209,0.0887,,
train,6.0,80.0,0.00452,2456.0,0.00315,0.45937,0.08751,,
train,6.0,90.0,0.00452,2456.0,0.00318,0.57253,0.08768,,
train,6.0,100.0,0.00452,2456.0,0.0031,0.52633,0.0877,,
train,6.0,110.0,0.00452,2456.0,0.00243,0.54789,0.08745,,
train,6.0,120.0,0.00452,2456.0,0.00245,0.59531,0.08779,,
train,6.0,130.0,0.00452,2456.0,0.00297,0.63416,0.08802,,
train,6.0,140.0,0.00452,2456.0,0.0031,0.59026,0.08902,,
train,6.0,150.0,0.00452,2456.0,0.00299,0.53081,0.0876,,
train,6.0,160.0,0.00452,2456.0,0.00273,0.61432,0.08823,,
train,6.0,170.0,0.00452,2456.0,0.00295,0.55224,0.08729,,
train,6.0,180.0,0.00452,2456.0,0.00316,0.59541,0.08796,,
train,6.0,190.0,0.00452,2456.0,0.00296,0.51805,0.08678,,
train,6.0,200.0,0.00452,2456.0,0.00275,0.54978,0.08613,,
train,6.0,210.0,0.00452,2456.0,0.0027,0.51996,0.08493,,
train,6.0,220.0,0.00452,2456.0,0.00299,0.55786,0.08588,,
train,6.0,230.0,0.00452,2456.0,0.00297,0.55839,0.08674,,
train,6.0,240.0,0.00452,2456.0,0.00322,0.60849,0.08711,,
train,6.0,250.0,0.00452,2456.0,0.00801,0.56585,0.09134,,
train,6.0,260.0,0.00452,2456.0,0.0038,0.49277,0.08825,,
train,6.0,270.0,0.00452,2456.0,0.00308,0.53267,0.08715,,
train,6.0,280.0,0.00452,2456.0,0.00295,0.57584,0.08668,,
train,6.0,290.0,0.00452,2456.0,0.00291,0.52885,0.08578,,
train,6.0,300.0,0.00452,2456.0,0.00311,0.5888,0.08733,,
train,6.0,310.0,0.00452,2456.0,0.00277,0.5211,0.08827,,
train,6.0,320.0,0.00452,2456.0,0.00316,0.5691,0.0866,,
train,6.0,330.0,0.00452,2456.0,0.00371,0.56608,0.08865,,
train,6.0,340.0,0.00452,2456.0,0.00275,0.61727,0.0892,,
train,6.0,350.0,0.00452,2456.0,0.00253,0.50528,0.08763,,
train,6.0,360.0,0.00452,2456.0,0.00301,0.58211,0.087,,
train,6.0,370.0,0.00452,2456.0,0.00281,0.54581,0.08712,,
train,6.0,380.0,0.00452,2456.0,0.0031,0.56347,0.08761,,
train,6.0,390.0,0.00452,2456.0,0.00322,0.52312,0.08753,,
train,6.0,400.0,0.00452,2456.0,0.00294,0.62465,0.08722,,
train,6.0,410.0,0.00452,2456.0,0.00219,0.56248,0.08604,,
train,6.0,420.0,0.00452,2456.0,0.00294,0.55544,0.08778,,
train,6.0,430.0,0.00452,2456.0,0.00279,0.61102,0.08653,,
train,6.0,440.0,0.00452,2456.0,0.00284,0.47312,0.08786,,
train,6.0,450.0,0.00452,2456.0,0.00296,0.60083,0.08759,,
train,6.0,460.0,0.00452,2456.0,0.00278,0.55263,0.08826,,
train,6.0,470.0,0.00452,2456.0,0.00283,0.62923,0.08812,,
train,6.0,480.0,0.00452,2456.0,0.00278,0.54636,0.08814,,
train,6.0,490.0,0.00452,2456.0,0.003,0.56339,0.08764,,
train,6.0,500.0,0.00452,2456.0,0.003,0.55724,0.08793,,
train,6.0,510.0,0.00452,2456.0,0.00266,0.55705,0.08738,,
train,6.0,520.0,0.00452,2456.0,0.00286,0.52792,0.08809,,
train,6.0,530.0,0.00452,2456.0,0.00282,0.60405,0.0878,,
train,6.0,540.0,0.00452,2456.0,0.00284,0.54502,0.08893,,
train,6.0,550.0,0.00452,2456.0,0.00274,0.55174,0.08798,,
train,6.0,560.0,0.00452,2456.0,0.00305,0.58794,0.08834,,
train,6.0,570.0,0.00452,2456.0,0.00275,0.70063,0.08823,,
train,6.0,580.0,0.00452,2456.0,0.00296,0.56019,0.08879,,
train,6.0,590.0,0.00452,2456.0,0.00273,0.55779,0.08813,,
train,6.0,600.0,0.00452,2456.0,0.00315,0.49116,0.08655,,
train,6.0,610.0,0.00452,2456.0,0.00324,0.59841,0.08701,,
train,6.0,620.0,0.00452,2456.0,0.0032,0.4815,0.08743,,
train,6.0,630.0,0.00452,2456.0,0.00287,0.49339,0.08684,,
train,6.0,640.0,0.00452,2456.0,0.00301,0.5802,0.08692,,
train,6.0,650.0,0.00452,2456.0,0.00299,0.5133,0.0869,,
train,6.0,660.0,0.00452,2456.0,0.00288,0.60408,0.08834,,
train,6.0,670.0,0.00452,2456.0,0.00251,0.57656,0.08819,,
train,6.0,680.0,0.00452,2456.0,0.00274,0.61268,0.08873,,
train,6.0,690.0,0.00452,2456.0,0.0028,0.55367,0.08865,,
train,6.0,700.0,0.00452,2456.0,0.00302,0.52781,0.08919,,
train,6.0,710.0,0.00452,2456.0,0.00207,0.47092,0.08572,,
train,6.0,720.0,0.00452,2456.0,0.00238,0.5982,0.08664,,
train,6.0,730.0,0.00452,2456.0,0.00203,0.60007,0.08497,,
train,6.0,740.0,0.00452,2456.0,0.00344,0.63805,0.08671,,
train,6.0,750.0,0.00452,2456.0,0.00315,0.56195,0.08703,,
train,6.0,760.0,0.00452,2456.0,0.00306,0.48469,0.08758,,
train,6.0,770.0,0.00452,2456.0,0.0029,0.45309,0.08713,,
train,6.0,780.0,0.00452,2456.0,0.00267,0.51752,0.08616,,
train,6.0,790.0,0.00452,2456.0,0.00275,0.57796,0.08701,,
train,6.0,800.0,0.00452,2456.0,0.00328,0.57223,0.08647,,
train,6.0,810.0,0.00452,2456.0,0.00304,0.57528,0.08657,,
train,6.0,820.0,0.00452,2456.0,0.00287,0.51957,0.08709,,
train,6.0,830.0,0.00452,2456.0,0.00262,0.53959,0.08718,,
train,6.0,840.0,0.00452,2456.0,0.0029,0.6432,0.08718,,
train,6.0,850.0,0.00452,2456.0,0.00297,0.55104,0.08799,,
train,6.0,860.0,0.00452,2456.0,0.00255,0.63215,0.08475,,
train,6.0,870.0,0.00452,2456.0,0.00329,0.55686,0.08566,,
train,6.0,880.0,0.00452,2456.0,0.00284,0.57355,0.08826,,
train,6.0,890.0,0.00452,2456.0,0.00284,0.55979,0.08806,,
train,6.0,900.0,0.00452,2456.0,0.0029,0.52524,0.08637,,
train,6.0,910.0,0.00452,2456.0,0.00321,0.58271,0.08744,,
train,6.0,920.0,0.00452,2456.0,0.00274,0.53636,0.08737,,
train,6.0,930.0,0.00452,2456.0,0.00302,0.52024,0.08704,,
train,6.0,940.0,0.00452,2456.0,0.00281,0.60417,0.08708,,
train,6.0,950.0,0.00452,2456.0,0.00311,0.47499,0.08964,,
train,6.0,960.0,0.00452,2456.0,0.00302,0.5453,0.08725,,
train,6.0,970.0,0.00452,2456.0,0.00372,0.56697,0.08834,,
train,6.0,980.0,0.00452,2456.0,0.0029,0.63442,0.08657,,
train,6.0,990.0,0.00452,2456.0,0.00282,0.53632,0.08639,,
train,6.0,1000.0,0.00452,2456.0,0.00339,0.53129,0.08773,,
train,6.0,1010.0,0.00452,2456.0,0.00329,0.50776,0.08848,,
train,6.0,1020.0,0.00452,2456.0,0.00289,0.61494,0.08839,,
train,6.0,1030.0,0.00452,2456.0,0.00295,0.53731,0.08914,,
train,6.0,1040.0,0.00452,2456.0,0.00298,0.53507,0.08574,,
train,6.0,1050.0,0.00452,2456.0,0.00345,0.53182,0.08603,,
train,6.0,1060.0,0.00452,2456.0,0.00326,0.58794,0.08628,,
train,6.0,1070.0,0.00452,2456.0,0.00314,0.61715,0.08584,,
train,6.0,1080.0,0.00452,2456.0,0.00322,0.58505,0.08566,,
train,6.0,1090.0,0.00452,2456.0,0.0035,0.73952,0.08753,,
train,6.0,1100.0,0.00452,2456.0,0.00368,0.58533,0.08798,,
train,6.0,1110.0,0.00452,2456.0,0.00346,0.53482,0.08764,,
train,6.0,1120.0,0.00452,2456.0,0.00307,0.5849,0.08859,,
train,6.0,1130.0,0.00452,2456.0,0.00287,0.52023,0.08531,,
train,6.0,1140.0,0.00452,2456.0,0.00307,0.58957,0.08538,,
train,6.0,1150.0,0.00452,2456.0,0.00314,0.65018,0.08746,,
train,6.0,1160.0,0.00452,2456.0,0.00254,0.54706,0.08577,,
train,6.0,1170.0,0.00452,2456.0,0.0032,0.5946,0.08714,,
train,6.0,1180.0,0.00452,2456.0,0.00299,0.47358,0.08696,,
train,6.0,1190.0,0.00452,2456.0,0.00337,0.47074,0.08638,,
train,6.0,1200.0,0.00452,2456.0,0.00318,0.49311,0.08753,,
train,6.0,1210.0,0.00452,2456.0,0.00293,0.4101,0.08948,,
train,6.0,1220.0,0.00452,2456.0,0.00285,0.54381,0.08741,,
train,6.0,1230.0,0.00452,2456.0,0.00285,0.59242,0.08612,,
train,6.0,1240.0,0.00452,2456.0,0.00337,0.62836,0.08941,,
train,6.0,1250.0,0.00452,2456.0,0.00296,0.54326,0.08676,,
train,6.0,1260.0,0.00452,2456.0,0.00341,0.48773,0.08793,,
train,6.0,1270.0,0.00452,2456.0,0.00275,0.47883,0.0873,,
train,6.0,1280.0,0.00452,2456.0,0.00281,0.43947,0.08758,,
train,6.0,1290.0,0.00452,2456.0,0.00286,0.51468,0.08776,,
train,6.0,1300.0,0.00452,2456.0,0.00306,0.48829,0.08902,,
train,6.0,1310.0,0.00452,2456.0,0.00303,0.60411,0.08739,,
train,6.0,1320.0,0.00452,2456.0,0.00307,0.54606,0.08903,,
train,6.0,1330.0,0.00452,2456.0,0.00227,0.56011,0.08623,,
train,6.0,1340.0,0.00452,2456.0,0.00333,0.45911,0.08767,,
train,6.0,1350.0,0.00452,2456.0,0.00295,0.57154,0.08761,,
train,6.0,1360.0,0.00452,2456.0,0.00295,0.49321,0.08767,,
train,6.0,1370.0,0.00452,2456.0,0.00314,0.49548,0.08846,,
train,6.0,1380.0,0.00452,2456.0,0.00307,0.53104,0.08795,,
train,6.0,1390.0,0.00452,2456.0,0.00304,0.48731,0.08793,,
train,6.0,1400.0,0.00452,2456.0,0.00314,0.52485,0.08806,,
train,6.0,1410.0,0.00452,2456.0,0.00304,0.55244,0.08791,,
train,6.0,1420.0,0.00452,2456.0,0.00297,0.54669,0.08801,,
train,6.0,1430.0,0.00452,2456.0,0.00298,0.49877,0.0876,,
train,6.0,1440.0,0.00452,2456.0,0.00299,0.48648,0.08721,,
train,6.0,1450.0,0.00452,2456.0,0.00353,0.51841,0.08776,,
train,6.0,1460.0,0.00452,2456.0,0.00277,0.61602,0.08692,,
train,6.0,1470.0,0.00452,2456.0,0.00308,0.55462,0.08797,,
train,6.0,1480.0,0.00452,2456.0,0.0029,0.57671,0.08813,,
train,6.0,1490.0,0.00452,2456.0,0.00303,0.57422,0.08866,,
train,6.0,1500.0,0.00452,2456.0,0.00283,0.49517,0.08716,,
train,6.0,1510.0,0.00452,2456.0,0.00301,0.56121,0.08726,,
train,6.0,1520.0,0.00452,2456.0,0.00318,0.60102,0.0875,,
train,6.0,1530.0,0.00452,2456.0,0.00306,0.59868,0.08714,,
train,6.0,1540.0,0.00452,2456.0,0.00325,0.51632,0.08751,,
train,6.0,1550.0,0.00452,2456.0,0.00289,0.53461,0.0866,,
train,6.0,1560.0,0.00452,2456.0,0.00358,0.5863,0.08751,,
train,7.0,10.0,0.00443,2456.0,0.21267,0.47431,0.29467,,
train,7.0,20.0,0.00443,2456.0,0.0032,0.44239,0.0874,,
train,7.0,30.0,0.00443,2456.0,0.00269,0.54746,0.0885,,
train,7.0,40.0,0.00443,2456.0,0.0033,0.53307,0.08756,,
train,7.0,50.0,0.00443,2456.0,0.00309,0.52454,0.08703,,
train,7.0,60.0,0.00443,2456.0,0.00306,0.54469,0.08761,,
train,7.0,70.0,0.00443,2456.0,0.00302,0.57259,0.08768,,
train,7.0,80.0,0.00443,2456.0,0.00298,0.50126,0.08799,,
train,7.0,90.0,0.00443,2456.0,0.00297,0.50441,0.08859,,
train,7.0,100.0,0.00443,2456.0,0.00235,0.53641,0.08759,,
train,7.0,110.0,0.00443,2456.0,0.00312,0.58819,0.08816,,
train,7.0,120.0,0.00443,2456.0,0.00264,0.49499,0.08675,,
train,7.0,130.0,0.00443,2456.0,0.00307,0.4245,0.08708,,
train,7.0,140.0,0.00443,2456.0,0.00337,0.50921,0.08772,,
train,7.0,150.0,0.00443,2456.0,0.00316,0.48336,0.08673,,
train,7.0,160.0,0.00443,2456.0,0.00288,0.56561,0.08796,,
train,7.0,170.0,0.00443,2456.0,0.00306,0.38224,0.08799,,
train,7.0,180.0,0.00443,2456.0,0.00298,0.5173,0.08831,,
train,7.0,190.0,0.00443,2456.0,0.00276,0.57742,0.08734,,
train,7.0,200.0,0.00443,2456.0,0.00293,0.40161,0.08695,,
train,7.0,210.0,0.00443,2456.0,0.0032,0.57301,0.08718,,
train,7.0,220.0,0.00443,2456.0,0.00273,0.65862,0.08679,,
train,7.0,230.0,0.00443,2456.0,0.0027,0.49496,0.08743,,
train,7.0,240.0,0.00443,2456.0,0.00278,0.5516,0.08789,,
train,7.0,250.0,0.00443,2456.0,0.00291,0.51014,0.08827,,
train,7.0,260.0,0.00443,2456.0,0.00241,0.50313,0.08861,,
train,7.0,270.0,0.00443,2456.0,0.00292,0.5309,0.08792,,
train,7.0,280.0,0.00443,2456.0,0.00304,0.56849,0.08853,,
train,7.0,290.0,0.00443,2456.0,0.00268,0.49326,0.08832,,
train,7.0,300.0,0.00443,2456.0,0.00336,0.50094,0.08856,,
train,7.0,310.0,0.00443,2456.0,0.00311,0.48068,0.08837,,
train,7.0,320.0,0.00443,2456.0,0.0028,0.45614,0.08765,,
train,7.0,330.0,0.00443,2456.0,0.00294,0.55056,0.08743,,
train,7.0,340.0,0.00443,2456.0,0.0026,0.56174,0.08616,,
train,7.0,350.0,0.00443,2456.0,0.00324,0.49699,0.0881,,
train,7.0,360.0,0.00443,2456.0,0.00283,0.5434,0.08659,,
train,7.0,370.0,0.00443,2456.0,0.00291,0.45611,0.08813,,
train,7.0,380.0,0.00443,2456.0,0.00287,0.54154,0.08798,,
train,7.0,390.0,0.00443,2456.0,0.00297,0.53695,0.08755,,
train,7.0,400.0,0.00443,2456.0,0.00297,0.65277,0.08701,,
train,7.0,410.0,0.00443,2456.0,0.00275,0.57485,0.08683,,
train,7.0,420.0,0.00443,2456.0,0.00238,0.49357,0.08666,,
train,7.0,430.0,0.00443,2456.0,0.00279,0.47232,0.0871,,
train,7.0,440.0,0.00443,2456.0,0.00221,0.53151,0.08684,,
train,7.0,450.0,0.00443,2456.0,0.0023,0.58206,0.08615,,
train,7.0,460.0,0.00443,2456.0,0.00314,0.53614,0.08651,,
train,7.0,470.0,0.00443,2456.0,0.00272,0.65531,0.08627,,
train,7.0,480.0,0.00443,2456.0,0.00321,0.50941,0.08598,,
train,7.0,490.0,0.00443,2456.0,0.00318,0.66546,0.0861,,
train,7.0,500.0,0.00443,2456.0,0.00285,0.52676,0.08689,,
train,7.0,510.0,0.00443,2456.0,0.00301,0.50057,0.08769,,
train,7.0,520.0,0.00443,2456.0,0.00311,0.5513,0.08773,,
train,7.0,530.0,0.00443,2456.0,0.00281,0.56947,0.08688,,
train,7.0,540.0,0.00443,2456.0,0.00217,0.4589,0.08668,,
train,7.0,550.0,0.00443,2456.0,0.00281,0.52547,0.08623,,
train,7.0,560.0,0.00443,2456.0,0.0028,0.4445,0.08533,,
train,7.0,570.0,0.00443,2456.0,0.00284,0.43596,0.08835,,
train,7.0,580.0,0.00443,2456.0,0.00195,0.51962,0.0863,,
train,7.0,590.0,0.00443,2456.0,0.00269,0.55211,0.08509,,
train,7.0,600.0,0.00443,2456.0,0.00292,0.53089,0.0862,,
train,7.0,610.0,0.00443,2456.0,0.00303,0.65658,0.08723,,
train,7.0,620.0,0.00443,2456.0,0.0027,0.58464,0.08653,,
train,7.0,630.0,0.00443,2456.0,0.00295,0.59965,0.0871,,
train,7.0,640.0,0.00443,2456.0,0.00294,0.55634,0.08627,,
train,7.0,650.0,0.00443,2456.0,0.00311,0.48995,0.08684,,
train,7.0,660.0,0.00443,2456.0,0.00266,0.62021,0.08629,,
train,7.0,670.0,0.00443,2456.0,0.00294,0.53178,0.08714,,
train,7.0,680.0,0.00443,2456.0,0.00276,0.61728,0.08652,,
train,7.0,690.0,0.00443,2456.0,0.00309,0.55437,0.08697,,
train,7.0,700.0,0.00443,2456.0,0.00288,0.50146,0.08692,,
train,7.0,710.0,0.00443,2456.0,0.00281,0.58075,0.08611,,
train,7.0,720.0,0.00443,2456.0,0.00297,0.50957,0.08666,,
train,7.0,730.0,0.00443,2456.0,0.00309,0.48182,0.08704,,
train,7.0,740.0,0.00443,2456.0,0.00294,0.50339,0.08711,,
train,7.0,750.0,0.00443,2456.0,0.00298,0.53668,0.08724,,
train,7.0,760.0,0.00443,2456.0,0.00294,0.58667,0.08738,,
train,7.0,770.0,0.00443,2456.0,0.0031,0.5865,0.08689,,
train,7.0,780.0,0.00443,2456.0,0.00295,0.59597,0.0872,,
train,7.0,790.0,0.00443,2456.0,0.00286,0.49693,0.08809,,
train,7.0,800.0,0.00443,2456.0,0.00254,0.54427,0.08517,,
train,7.0,810.0,0.00443,2456.0,0.00298,0.55783,0.08727,,
train,7.0,820.0,0.00443,2456.0,0.00309,0.50908,0.08696,,
train,7.0,830.0,0.00443,2456.0,0.00275,0.49819,0.0868,,
train,7.0,840.0,0.00443,2456.0,0.00315,0.39493,0.08665,,
train,7.0,850.0,0.00443,2456.0,0.00316,0.45049,0.08639,,
train,7.0,860.0,0.00443,2456.0,0.00329,0.49146,0.08848,,
train,7.0,870.0,0.00443,2456.0,0.00206,0.54034,0.08562,,
train,7.0,880.0,0.00443,2456.0,0.00299,0.41697,0.08809,,
train,7.0,890.0,0.00443,2456.0,0.00308,0.51168,0.08604,,
train,7.0,900.0,0.00443,2456.0,0.00345,0.48942,0.08743,,
train,7.0,910.0,0.00443,2456.0,0.00283,0.50659,0.08509,,
train,7.0,920.0,0.00443,2456.0,0.00317,0.47922,0.08553,,
train,7.0,930.0,0.00443,2456.0,0.00306,0.53413,0.08648,,
train,7.0,940.0,0.00443,2456.0,0.00312,0.60458,0.08529,,
train,7.0,950.0,0.00443,2456.0,0.0033,0.56456,0.08583,,
train,7.0,960.0,0.00443,2456.0,0.00319,0.49013,0.08627,,
train,7.0,970.0,0.00443,2456.0,0.00313,0.63056,0.08598,,
train,7.0,980.0,0.00443,2456.0,0.00307,0.518,0.08683,,
train,7.0,990.0,0.00443,2456.0,0.00303,0.47907,0.08645,,
train,7.0,1000.0,0.00443,2456.0,0.00304,0.56231,0.08745,,
train,7.0,1010.0,0.00443,2456.0,0.0034,0.46408,0.08764,,
train,7.0,1020.0,0.00443,2456.0,0.00341,0.46998,0.08688,,
train,7.0,1030.0,0.00443,2456.0,0.00276,0.47124,0.08494,,
train,7.0,1040.0,0.00443,2456.0,0.00319,0.44868,0.08749,,
train,7.0,1050.0,0.00443,2456.0,0.00303,0.51609,0.08701,,
train,7.0,1060.0,0.00443,2456.0,0.00288,0.46317,0.08674,,
train,7.0,1070.0,0.00443,2456.0,0.0028,0.56129,0.0872,,
train,7.0,1080.0,0.00443,2456.0,0.00325,0.70292,0.08767,,
train,7.0,1090.0,0.00443,2456.0,0.00286,0.48407,0.0862,,
train,7.0,1100.0,0.00443,2456.0,0.00312,0.50552,0.08706,,
train,7.0,1110.0,0.00443,2456.0,0.00295,0.58139,0.08676,,
train,7.0,1120.0,0.00443,2456.0,0.00256,0.54107,0.08598,,
train,7.0,1130.0,0.00443,2456.0,0.00284,0.60069,0.08782,,
train,7.0,1140.0,0.00443,2456.0,0.00265,0.57169,0.0867,,
train,7.0,1150.0,0.00443,2456.0,0.00326,0.57067,0.08667,,
train,7.0,1160.0,0.00443,2456.0,0.00308,0.48248,0.08702,,
train,7.0,1170.0,0.00443,2456.0,0.00284,0.50164,0.08697,,
train,7.0,1180.0,0.00443,2456.0,0.00294,0.48502,0.08798,,
train,7.0,1190.0,0.00443,2456.0,0.00266,0.4863,0.08819,,
train,7.0,1200.0,0.00443,2456.0,0.00298,0.53574,0.08781,,
train,7.0,1210.0,0.00443,2456.0,0.00289,0.55541,0.08692,,
train,7.0,1220.0,0.00443,2456.0,0.00235,0.47782,0.08643,,
train,7.0,1230.0,0.00443,2456.0,0.00282,0.52165,0.087,,
train,7.0,1240.0,0.00443,2456.0,0.00291,0.52073,0.08673,,
train,7.0,1250.0,0.00443,2456.0,0.00301,0.46908,0.08707,,
train,7.0,1260.0,0.00443,2456.0,0.003,0.55387,0.08667,,
train,7.0,1270.0,0.00443,2456.0,0.00292,0.54638,0.08694,,
train,7.0,1280.0,0.00443,2456.0,0.00318,0.59827,0.08726,,
train,7.0,1290.0,0.00443,2456.0,0.00275,0.54949,0.08633,,
train,7.0,1300.0,0.00443,2456.0,0.003,0.48571,0.08657,,
train,7.0,1310.0,0.00443,2456.0,0.00332,0.54169,0.08706,,
train,7.0,1320.0,0.00443,2456.0,0.00305,0.53503,0.08704,,
train,7.0,1330.0,0.00443,2456.0,0.00328,0.51321,0.08723,,
train,7.0,1340.0,0.00443,2456.0,0.00324,0.52547,0.08747,,
train,7.0,1350.0,0.00443,2456.0,0.00317,0.49215,0.08731,,
train,7.0,1360.0,0.00443,2456.0,0.00322,0.53309,0.08792,,
train,7.0,1370.0,0.00443,2456.0,0.00226,0.59925,0.08609,,
train,7.0,1380.0,0.00443,2456.0,0.00242,0.51874,0.08571,,
train,7.0,1390.0,0.00443,2456.0,0.0029,0.49435,0.08724,,
train,7.0,1400.0,0.00443,2456.0,0.00296,0.62714,0.08731,,
train,7.0,1410.0,0.00443,2456.0,0.00298,0.53568,0.08702,,
train,7.0,1420.0,0.00443,2456.0,0.0029,0.4664,0.08725,,
train,7.0,1430.0,0.00443,2456.0,0.0029,0.51054,0.08597,,
train,7.0,1440.0,0.00443,2456.0,0.00318,0.65088,0.0877,,
train,7.0,1450.0,0.00443,2456.0,0.00289,0.6394,0.08733,,
train,7.0,1460.0,0.00443,2456.0,0.00297,0.52439,0.08701,,
train,7.0,1470.0,0.00443,2456.0,0.00295,0.48937,0.08696,,
train,7.0,1480.0,0.00443,2456.0,0.00296,0.47431,0.08715,,
train,7.0,1490.0,0.00443,2456.0,0.0029,0.47364,0.08677,,
train,7.0,1500.0,0.00443,2456.0,0.00271,0.57568,0.08687,,
train,7.0,1510.0,0.00443,2456.0,0.00287,0.53401,0.08713,,
train,7.0,1520.0,0.00443,2456.0,0.00277,0.4801,0.08545,,
train,7.0,1530.0,0.00443,2456.0,0.00295,0.47213,0.08648,,
train,7.0,1540.0,0.00443,2456.0,0.00281,0.66659,0.08648,,
train,7.0,1550.0,0.00443,2456.0,0.00272,0.61152,0.0861,,
train,7.0,1560.0,0.00443,2456.0,0.00287,0.46729,0.08614,,
train,8.0,10.0,0.00434,2456.0,0.21423,0.46307,0.29777,,
train,8.0,20.0,0.00434,2456.0,0.0029,0.52762,0.08573,,
train,8.0,30.0,0.00434,2456.0,0.00316,0.54478,0.08656,,
train,8.0,40.0,0.00434,2456.0,0.00277,0.39941,0.08643,,
train,8.0,50.0,0.00434,2456.0,0.00261,0.44468,0.08709,,
train,8.0,60.0,0.00434,2456.0,0.00289,0.51381,0.08677,,
train,8.0,70.0,0.00434,2456.0,0.00236,0.44289,0.08473,,
train,8.0,80.0,0.00434,2456.0,0.00295,0.48878,0.08569,,
train,8.0,90.0,0.00434,2456.0,0.00283,0.58301,0.08652,,
train,8.0,100.0,0.00434,2456.0,0.00281,0.52087,0.08566,,
train,8.0,110.0,0.00434,2456.0,0.00274,0.50652,0.08619,,
train,8.0,120.0,0.00434,2456.0,0.00238,0.43714,0.08438,,
train,8.0,130.0,0.00434,2456.0,0.00247,0.55539,0.08511,,
train,8.0,140.0,0.00434,2456.0,0.00281,0.5489,0.08562,,
train,8.0,150.0,0.00434,2456.0,0.00275,0.4515,0.08575,,
train,8.0,160.0,0.00434,2456.0,0.00334,0.50106,0.08717,,
train,8.0,170.0,0.00434,2456.0,0.00281,0.51057,0.08617,,
train,8.0,180.0,0.00434,2456.0,0.00261,0.51337,0.08488,,
train,8.0,190.0,0.00434,2456.0,0.00256,0.5479,0.08583,,
train,8.0,200.0,0.00434,2456.0,0.00249,0.47251,0.08525,,
train,8.0,210.0,0.00434,2456.0,0.00309,0.60504,0.08719,,
train,8.0,220.0,0.00434,2456.0,0.00327,0.51511,0.08858,,
train,8.0,230.0,0.00434,2456.0,0.00292,0.55061,0.08751,,
train,8.0,240.0,0.00434,2456.0,0.00271,0.49959,0.08845,,
train,8.0,250.0,0.00434,2456.0,0.00235,0.53959,0.08702,,
train,8.0,260.0,0.00434,2456.0,0.00275,0.58747,0.08853,,
train,8.0,270.0,0.00434,2456.0,0.00262,0.44652,0.08777,,
train,8.0,280.0,0.00434,2456.0,0.00283,0.47062,0.088,,
train,8.0,290.0,0.00434,2456.0,0.00312,0.50523,0.08804,,
train,8.0,300.0,0.00434,2456.0,0.00269,0.55739,0.0876,,
train,8.0,310.0,0.00434,2456.0,0.00286,0.51663,0.08916,,
train,8.0,320.0,0.00434,2456.0,0.00201,0.65676,0.08943,,
train,8.0,330.0,0.00434,2456.0,0.00229,0.48487,0.0872,,
train,8.0,340.0,0.00434,2456.0,0.00274,0.48064,0.08642,,
train,8.0,350.0,0.00434,2456.0,0.0028,0.4943,0.08653,,
train,8.0,360.0,0.00434,2456.0,0.00303,0.46196,0.08696,,
train,8.0,370.0,0.00434,2456.0,0.00283,0.60851,0.08645,,
train,8.0,380.0,0.00434,2456.0,0.00291,0.60061,0.08675,,
train,8.0,390.0,0.00434,2456.0,0.00289,0.49934,0.08729,,
train,8.0,400.0,0.00434,2456.0,0.00297,0.45059,0.08827,,
train,8.0,410.0,0.00434,2456.0,0.00314,0.41443,0.08834,,
train,8.0,420.0,0.00434,2456.0,0.00249,0.41832,0.08689,,
train,8.0,430.0,0.00434,2456.0,0.00302,0.50063,0.08691,,
train,8.0,440.0,0.00434,2456.0,0.00306,0.61761,0.08666,,
train,8.0,450.0,0.00434,2456.0,0.00334,0.50231,0.08836,,
train,8.0,460.0,0.00434,2456.0,0.00314,0.53003,0.08651,,
train,8.0,470.0,0.00434,2456.0,0.0027,0.54051,0.08737,,
train,8.0,480.0,0.00434,2456.0,0.003,0.51863,0.08774,,
train,8.0,490.0,0.00434,2456.0,0.00276,0.47933,0.08763,,
train,8.0,500.0,0.00434,2456.0,0.00302,0.52691,0.0882,,
train,8.0,510.0,0.00434,2456.0,0.00238,0.57507,0.08781,,
train,8.0,520.0,0.00434,2456.0,0.00325,0.53827,0.08715,,
train,8.0,530.0,0.00434,2456.0,0.00325,0.57283,0.08844,,
train,8.0,540.0,0.00434,2456.0,0.00298,0.51083,0.08553,,
train,8.0,550.0,0.00434,2456.0,0.00315,0.47808,0.08797,,
train,8.0,560.0,0.00434,2456.0,0.00296,0.41729,0.08746,,
train,8.0,570.0,0.00434,2456.0,0.00317,0.5785,0.08614,,
train,8.0,580.0,0.00434,2456.0,0.00336,0.5939,0.08621,,
train,8.0,590.0,0.00434,2456.0,0.00291,0.56044,0.0864,,
train,8.0,600.0,0.00434,2456.0,0.00333,0.48331,0.08723,,
train,8.0,610.0,0.00434,2456.0,0.00299,0.53169,0.08681,,
train,8.0,620.0,0.00434,2456.0,0.00294,0.57471,0.08831,,
train,8.0,630.0,0.00434,2456.0,0.00285,0.54064,0.08827,,
train,8.0,640.0,0.00434,2456.0,0.00306,0.44267,0.08713,,
train,8.0,650.0,0.00434,2456.0,0.00268,0.51562,0.08735,,
train,8.0,660.0,0.00434,2456.0,0.00298,0.50496,0.08847,,
train,8.0,670.0,0.00434,2456.0,0.00287,0.59543,0.08766,,
train,8.0,680.0,0.00434,2456.0,0.00298,0.56941,0.08794,,
train,8.0,690.0,0.00434,2456.0,0.00317,0.52128,0.08773,,
train,8.0,700.0,0.00434,2456.0,0.00238,0.52755,0.08782,,
train,8.0,710.0,0.00434,2456.0,0.00223,0.50037,0.08758,,
train,8.0,720.0,0.00434,2456.0,0.00298,0.59158,0.08763,,
train,8.0,730.0,0.00434,2456.0,0.00285,0.5069,0.08773,,
train,8.0,740.0,0.00434,2456.0,0.00343,0.39831,0.08788,,
train,8.0,750.0,0.00434,2456.0,0.00329,0.46292,0.08709,,
train,8.0,760.0,0.00434,2456.0,0.00317,0.53291,0.08744,,
train,8.0,770.0,0.00434,2456.0,0.00331,0.55828,0.08782,,
train,8.0,780.0,0.00434,2456.0,0.00364,0.55959,0.08753,,
train,8.0,790.0,0.00434,2456.0,0.0031,0.46675,0.08722,,
train,8.0,800.0,0.00434,2456.0,0.00313,0.48216,0.08743,,
train,8.0,810.0,0.00434,2456.0,0.00281,0.60291,0.08537,,
train,8.0,820.0,0.00434,2456.0,0.00317,0.59467,0.08627,,
train,8.0,830.0,0.00434,2456.0,0.00273,0.5155,0.08639,,
train,8.0,840.0,0.00434,2456.0,0.00331,0.58543,0.08856,,
train,8.0,850.0,0.00434,2456.0,0.00289,0.46882,0.08713,,
train,8.0,860.0,0.00434,2456.0,0.00314,0.48453,0.08755,,
train,8.0,870.0,0.00434,2456.0,0.00331,0.54684,0.0881,,
train,8.0,880.0,0.00434,2456.0,0.00301,0.50752,0.08716,,
train,8.0,890.0,0.00434,2456.0,0.00321,0.46604,0.08809,,
train,8.0,900.0,0.00434,2456.0,0.00329,0.53723,0.0878,,
train,8.0,910.0,0.00434,2456.0,0.00324,0.46283,0.08781,,
train,8.0,920.0,0.00434,2456.0,0.00318,0.70739,0.08816,,
train,8.0,930.0,0.00434,2456.0,0.00305,0.52447,0.08748,,
train,8.0,940.0,0.00434,2456.0,0.00269,0.45852,0.08795,,
train,8.0,950.0,0.00434,2456.0,0.00276,0.4953,0.08616,,
train,8.0,960.0,0.00434,2456.0,0.0028,0.52997,0.08687,,
train,8.0,970.0,0.00434,2456.0,0.00303,0.4393,0.08787,,
train,8.0,980.0,0.00434,2456.0,0.00303,0.3961,0.08617,,
train,8.0,990.0,0.00434,2456.0,0.00336,0.5057,0.08823,,
train,8.0,1000.0,0.00434,2456.0,0.00317,0.60054,0.08757,,
train,8.0,1010.0,0.00434,2456.0,0.00304,0.55452,0.08729,,
train,8.0,1020.0,0.00434,2456.0,0.00293,0.5668,0.08711,,
train,8.0,1030.0,0.00434,2456.0,0.00302,0.46904,0.08743,,
train,8.0,1040.0,0.00434,2456.0,0.00304,0.45964,0.08801,,
train,8.0,1050.0,0.00434,2456.0,0.00314,0.4242,0.08689,,
train,8.0,1060.0,0.00434,2456.0,0.00306,0.43934,0.087,,
train,8.0,1070.0,0.00434,2456.0,0.00317,0.52184,0.08523,,
train,8.0,1080.0,0.00434,2456.0,0.00321,0.60645,0.08713,,
train,8.0,1090.0,0.00434,2456.0,0.0032,0.49367,0.08571,,
train,8.0,1100.0,0.00434,2456.0,0.00297,0.47664,0.08453,,
train,8.0,1110.0,0.00434,2456.0,0.00315,0.55111,0.08618,,
train,8.0,1120.0,0.00434,2456.0,0.00308,0.40367,0.08666,,
train,8.0,1130.0,0.00434,2456.0,0.00315,0.52562,0.08626,,
train,8.0,1140.0,0.00434,2456.0,0.00335,0.49558,0.08698,,
train,8.0,1150.0,0.00434,2456.0,0.00318,0.56243,0.08759,,
train,8.0,1160.0,0.00434,2456.0,0.00292,0.44432,0.08692,,
train,8.0,1170.0,0.00434,2456.0,0.00306,0.53937,0.08695,,
train,8.0,1180.0,0.00434,2456.0,0.0035,0.47344,0.0867,,
train,8.0,1190.0,0.00434,2456.0,0.00333,0.48408,0.0861,,
train,8.0,1200.0,0.00434,2456.0,0.00331,0.53345,0.0864,,
train,8.0,1210.0,0.00434,2456.0,0.00289,0.63646,0.08768,,
train,8.0,1220.0,0.00434,2456.0,0.00326,0.46155,0.08577,,
train,8.0,1230.0,0.00434,2456.0,0.00344,0.57088,0.08606,,
train,8.0,1240.0,0.00434,2456.0,0.00322,0.45437,0.08638,,
train,8.0,1250.0,0.00434,2456.0,0.00335,0.5035,0.08521,,
train,8.0,1260.0,0.00434,2456.0,0.00354,0.45775,0.08538,,
train,8.0,1270.0,0.00434,2456.0,0.00354,0.50829,0.08741,,
train,8.0,1280.0,0.00434,2456.0,0.00306,0.45867,0.08781,,
train,8.0,1290.0,0.00434,2456.0,0.00323,0.56008,0.08748,,
train,8.0,1300.0,0.00434,2456.0,0.00309,0.53386,0.08821,,
train,8.0,1310.0,0.00434,2456.0,0.00293,0.50368,0.08662,,
train,8.0,1320.0,0.00434,2456.0,0.00304,0.46804,0.0871,,
train,8.0,1330.0,0.00434,2456.0,0.00306,0.46273,0.08783,,
train,8.0,1340.0,0.00434,2456.0,0.00285,0.53515,0.08767,,
train,8.0,1350.0,0.00434,2456.0,0.00209,0.48896,0.08538,,
train,8.0,1360.0,0.00434,2456.0,0.00309,0.4803,0.08574,,
train,8.0,1370.0,0.00434,2456.0,0.00316,0.51785,0.08541,,
train,8.0,1380.0,0.00434,2456.0,0.0031,0.47935,0.08499,,
train,8.0,1390.0,0.00434,2456.0,0.00327,0.52398,0.08646,,
train,8.0,1400.0,0.00434,2456.0,0.00299,0.53376,0.08631,,
train,8.0,1410.0,0.00434,2456.0,0.00282,0.54362,0.08661,,
train,8.0,1420.0,0.00434,2456.0,0.00321,0.61577,0.08645,,
train,8.0,1430.0,0.00434,2456.0,0.00314,0.51105,0.08624,,
train,8.0,1440.0,0.00434,2456.0,0.00322,0.40458,0.087,,
train,8.0,1450.0,0.00434,2456.0,0.0031,0.52095,0.08686,,
train,8.0,1460.0,0.00434,2456.0,0.00306,0.46007,0.08727,,
train,8.0,1470.0,0.00434,2456.0,0.00302,0.50019,0.08601,,
train,8.0,1480.0,0.00434,2456.0,0.00304,0.5474,0.08531,,
train,8.0,1490.0,0.00434,2456.0,0.00292,0.45991,0.08534,,
train,8.0,1500.0,0.00434,2456.0,0.00296,0.45993,0.08535,,
train,8.0,1510.0,0.00434,2456.0,0.00303,0.48508,0.08592,,
train,8.0,1520.0,0.00434,2456.0,0.00289,0.41002,0.08583,,
train,8.0,1530.0,0.00434,2456.0,0.00342,0.50708,0.08734,,
train,8.0,1540.0,0.00434,2456.0,0.00306,0.47307,0.08611,,
train,8.0,1550.0,0.00434,2456.0,0.00298,0.54058,0.08661,,
train,8.0,1560.0,0.00434,2456.0,0.00295,0.49145,0.08651,,
train,9.0,10.0,0.00425,2456.0,0.21362,0.4368,0.29881,,
train,9.0,20.0,0.00425,2456.0,0.00263,0.49466,0.0871,,
train,9.0,30.0,0.00425,2456.0,0.0023,0.46937,0.08757,,
train,9.0,40.0,0.00425,2456.0,0.00229,0.53487,0.08633,,
train,9.0,50.0,0.00425,2456.0,0.00215,0.4367,0.08552,,
train,9.0,60.0,0.00425,2456.0,0.00266,0.44149,0.087,,
train,9.0,70.0,0.00425,2456.0,0.00296,0.48968,0.08791,,
train,9.0,80.0,0.00425,2456.0,0.00296,0.53913,0.08785,,
train,9.0,90.0,0.00425,2456.0,0.00285,0.44249,0.08721,,
train,9.0,100.0,0.00425,2456.0,0.00281,0.43201,0.08794,,
train,9.0,110.0,0.00425,2456.0,0.00313,0.51051,0.08774,,
train,9.0,120.0,0.00425,2456.0,0.00254,0.45174,0.08695,,
train,9.0,130.0,0.00425,2456.0,0.0024,0.54511,0.08746,,
train,9.0,140.0,0.00425,2456.0,0.00337,0.51086,0.08879,,
train,9.0,150.0,0.00425,2456.0,0.00299,0.51887,0.08784,,
train,9.0,160.0,0.00425,2456.0,0.003,0.57232,0.08737,,
train,9.0,170.0,0.00425,2456.0,0.00267,0.49334,0.08799,,
train,9.0,180.0,0.00425,2456.0,0.00283,0.49362,0.08709,,
train,9.0,190.0,0.00425,2456.0,0.00302,0.50583,0.08797,,
train,9.0,200.0,0.00425,2456.0,0.00299,0.53377,0.08734,,
train,9.0,210.0,0.00425,2456.0,0.00289,0.53459,0.08753,,
train,9.0,220.0,0.00425,2456.0,0.00234,0.45428,0.08754,,
train,9.0,230.0,0.00425,2456.0,0.00227,0.52437,0.08833,,
train,9.0,240.0,0.00425,2456.0,0.00237,0.59208,0.08773,,
train,9.0,250.0,0.00425,2456.0,0.00209,0.43145,0.0835,,
train,9.0,260.0,0.00425,2456.0,0.0037,0.59003,0.08642,,
train,9.0,270.0,0.00425,2456.0,0.00311,0.52733,0.08666,,
train,9.0,280.0,0.00425,2456.0,0.00311,0.4886,0.08787,,
train,9.0,290.0,0.00425,2456.0,0.00274,0.53212,0.08515,,
train,9.0,300.0,0.00425,2456.0,0.00333,0.50186,0.08787,,
train,9.0,310.0,0.00425,2456.0,0.00299,0.59332,0.0866,,
train,9.0,320.0,0.00425,2456.0,0.00282,0.40035,0.08657,,
train,9.0,330.0,0.00425,2456.0,0.00271,0.50602,0.08655,,
train,9.0,340.0,0.00425,2456.0,0.00262,0.44253,0.0867,,
train,9.0,350.0,0.00425,2456.0,0.00242,0.4432,0.08708,,
train,9.0,360.0,0.00425,2456.0,0.00278,0.43675,0.08839,,
train,9.0,370.0,0.00425,2456.0,0.00294,0.46376,0.08846,,
train,9.0,380.0,0.00425,2456.0,0.00267,0.46782,0.08838,,
train,9.0,390.0,0.00425,2456.0,0.00301,0.49644,0.08954,,
train,9.0,400.0,0.00425,2456.0,0.00266,0.47975,0.08679,,
train,9.0,410.0,0.00425,2456.0,0.0032,0.47082,0.08751,,
train,9.0,420.0,0.00425,2456.0,0.003,0.5083,0.08643,,
train,9.0,430.0,0.00425,2456.0,0.00316,0.42833,0.08627,,
train,9.0,440.0,0.00425,2456.0,0.00303,0.50369,0.08772,,
train,9.0,450.0,0.00425,2456.0,0.00284,0.50994,0.08712,,
train,9.0,460.0,0.00425,2456.0,0.00298,0.55276,0.08777,,
train,9.0,470.0,0.00425,2456.0,0.00293,0.43219,0.08791,,
train,9.0,480.0,0.00425,2456.0,0.00287,0.42947,0.0882,,
train,9.0,490.0,0.00425,2456.0,0.00277,0.50046,0.08719,,
train,9.0,500.0,0.00425,2456.0,0.00278,0.43184,0.08608,,
train,9.0,510.0,0.00425,2456.0,0.00301,0.54858,0.08563,,
train,9.0,520.0,0.00425,2456.0,0.00291,0.46591,0.08691,,
train,9.0,530.0,0.00425,2456.0,0.00301,0.48359,0.08692,,
train,9.0,540.0,0.00425,2456.0,0.00309,0.50468,0.08794,,
train,9.0,550.0,0.00425,2456.0,0.00297,0.48485,0.08706,,
train,9.0,560.0,0.00425,2456.0,0.00295,0.52557,0.08689,,
train,9.0,570.0,0.00425,2456.0,0.00276,0.49838,0.08571,,
train,9.0,580.0,0.00425,2456.0,0.00311,0.52525,0.0874,,
train,9.0,590.0,0.00425,2456.0,0.00294,0.45102,0.08775,,
train,9.0,600.0,0.00425,2456.0,0.00329,0.43861,0.08823,,
train,9.0,610.0,0.00425,2456.0,0.00332,0.41776,0.08739,,
train,9.0,620.0,0.00425,2456.0,0.00306,0.53385,0.08898,,
train,9.0,630.0,0.00425,2456.0,0.00326,0.4309,0.08742,,
train,9.0,640.0,0.00425,2456.0,0.00304,0.5124,0.08774,,
train,9.0,650.0,0.00425,2456.0,0.00313,0.47803,0.08879,,
train,9.0,660.0,0.00425,2456.0,0.00322,0.52047,0.08841,,
train,9.0,670.0,0.00425,2456.0,0.00321,0.49857,0.08722,,
train,9.0,680.0,0.00425,2456.0,0.00302,0.51362,0.08894,,
train,9.0,690.0,0.00425,2456.0,0.00299,0.60595,0.08841,,
train,9.0,700.0,0.00425,2456.0,0.003,0.4885,0.08752,,
train,9.0,710.0,0.00425,2456.0,0.00292,0.41282,0.08808,,
train,9.0,720.0,0.00425,2456.0,0.00296,0.47636,0.08757,,
train,9.0,730.0,0.00425,2456.0,0.00295,0.4871,0.08746,,
train,9.0,740.0,0.00425,2456.0,0.00343,0.51723,0.08737,,
train,9.0,750.0,0.00425,2456.0,0.00335,0.53985,0.08797,,
train,9.0,760.0,0.00425,2456.0,0.00332,0.41982,0.08752,,
train,9.0,770.0,0.00425,2456.0,0.00342,0.48765,0.08778,,
train,9.0,780.0,0.00425,2456.0,0.00298,0.47689,0.08883,,
train,9.0,790.0,0.00425,2456.0,0.00309,0.45952,0.08838,,
train,9.0,800.0,0.00425,2456.0,0.00304,0.52976,0.08695,,
train,9.0,810.0,0.00425,2456.0,0.00307,0.50635,0.0878,,
train,9.0,820.0,0.00425,2456.0,0.0032,0.42845,0.08799,,
train,9.0,830.0,0.00425,2456.0,0.00289,0.58176,0.08644,,
train,9.0,840.0,0.00425,2456.0,0.00284,0.46711,0.08635,,
train,9.0,850.0,0.00425,2456.0,0.0033,0.50135,0.08653,,
train,9.0,860.0,0.00425,2456.0,0.00298,0.45401,0.08778,,
train,9.0,870.0,0.00425,2456.0,0.00284,0.54302,0.08603,,
train,9.0,880.0,0.00425,2456.0,0.00312,0.56446,0.08633,,
train,9.0,890.0,0.00425,2456.0,0.0032,0.5209,0.08722,,
train,9.0,900.0,0.00425,2456.0,0.00288,0.44171,0.08626,,
train,9.0,910.0,0.00425,2456.0,0.0033,0.42267,0.08667,,
train,9.0,920.0,0.00425,2456.0,0.00319,0.46193,0.08713,,
train,9.0,930.0,0.00425,2456.0,0.00321,0.58463,0.08718,,
train,9.0,940.0,0.00425,2456.0,0.00318,0.4417,0.08742,,
train,9.0,950.0,0.00425,2456.0,0.00344,0.4947,0.08771,,
train,9.0,960.0,0.00425,2456.0,0.00318,0.54833,0.08771,,
train,9.0,970.0,0.00425,2456.0,0.0033,0.46882,0.08807,,
train,9.0,980.0,0.00425,2456.0,0.00311,0.42234,0.08766,,
train,9.0,990.0,0.00425,2456.0,0.00324,0.57936,0.08627,,
train,9.0,1000.0,0.00425,2456.0,0.00308,0.47242,0.08627,,
train,9.0,1010.0,0.00425,2456.0,0.00326,0.48726,0.08589,,
train,9.0,1020.0,0.00425,2456.0,0.00325,0.44172,0.08604,,
train,9.0,1030.0,0.00425,2456.0,0.00331,0.5097,0.08635,,
train,9.0,1040.0,0.00425,2456.0,0.00323,0.46474,0.08619,,
train,9.0,1050.0,0.00425,2456.0,0.00306,0.52909,0.08688,,
train,9.0,1060.0,0.00425,2456.0,0.00321,0.46566,0.08665,,
train,9.0,1070.0,0.00425,2456.0,0.00303,0.39302,0.08684,,
train,9.0,1080.0,0.00425,2456.0,0.00329,0.46048,0.08535,,
train,9.0,1090.0,0.00425,2456.0,0.0033,0.49405,0.08506,,
train,9.0,1100.0,0.00425,2456.0,0.003,0.61076,0.08632,,
train,9.0,1110.0,0.00425,2456.0,0.00307,0.52981,0.08611,,
train,9.0,1120.0,0.00425,2456.0,0.0029,0.43591,0.08654,,
train,9.0,1130.0,0.00425,2456.0,0.0032,0.43606,0.0875,,
train,9.0,1140.0,0.00425,2456.0,0.00308,0.54424,0.08546,,
train,9.0,1150.0,0.00425,2456.0,0.00283,0.48768,0.08737,,
train,9.0,1160.0,0.00425,2456.0,0.00322,0.58513,0.08544,,
train,9.0,1170.0,0.00425,2456.0,0.00298,0.52983,0.08518,,
train,9.0,1180.0,0.00425,2456.0,0.0031,0.54651,0.08615,,
train,9.0,1190.0,0.00425,2456.0,0.00306,0.51708,0.08682,,
train,9.0,1200.0,0.00425,2456.0,0.00306,0.50361,0.08658,,
train,9.0,1210.0,0.00425,2456.0,0.00321,0.45458,0.08765,,
train,9.0,1220.0,0.00425,2456.0,0.00317,0.44162,0.08642,,
train,9.0,1230.0,0.00425,2456.0,0.00342,0.44597,0.08705,,
train,9.0,1240.0,0.00425,2456.0,0.00318,0.49237,0.08739,,
train,9.0,1250.0,0.00425,2456.0,0.00302,0.4568,0.08612,,
train,9.0,1260.0,0.00425,2456.0,0.00327,0.57762,0.08592,,
train,9.0,1270.0,0.00425,2456.0,0.00314,0.52862,0.086,,
train,9.0,1280.0,0.00425,2456.0,0.00315,0.47529,0.08575,,
train,9.0,1290.0,0.00425,2456.0,0.00339,0.47636,0.08587,,
train,9.0,1300.0,0.00425,2456.0,0.00328,0.48493,0.08573,,
train,9.0,1310.0,0.00425,2456.0,0.0031,0.47497,0.08646,,
train,9.0,1320.0,0.00425,2456.0,0.00307,0.50611,0.08599,,
train,9.0,1330.0,0.00425,2456.0,0.00309,0.48768,0.0874,,
train,9.0,1340.0,0.00425,2456.0,0.0029,0.47159,0.08641,,
train,9.0,1350.0,0.00425,2456.0,0.00286,0.49801,0.08741,,
train,9.0,1360.0,0.00425,2456.0,0.00291,0.41891,0.08759,,
train,9.0,1370.0,0.00425,2456.0,0.00309,0.52462,0.08689,,
train,9.0,1380.0,0.00425,2456.0,0.00272,0.47917,0.08792,,
train,9.0,1390.0,0.00425,2456.0,0.00232,0.48834,0.08677,,
train,9.0,1400.0,0.00425,2456.0,0.00286,0.5425,0.08636,,
train,9.0,1410.0,0.00425,2456.0,0.00372,0.53794,0.08866,,
train,9.0,1420.0,0.00425,2456.0,0.00303,0.41127,0.08719,,
train,9.0,1430.0,0.00425,2456.0,0.00292,0.42135,0.08876,,
train,9.0,1440.0,0.00425,2456.0,0.00209,0.4613,0.08714,,
train,9.0,1450.0,0.00425,2456.0,0.003,0.53477,0.08733,,
train,9.0,1460.0,0.00425,2456.0,0.00288,0.60373,0.08629,,
train,9.0,1470.0,0.00425,2456.0,0.00277,0.4557,0.08737,,
train,9.0,1480.0,0.00425,2456.0,0.00275,0.59412,0.08638,,
train,9.0,1490.0,0.00425,2456.0,0.003,0.48633,0.08798,,
train,9.0,1500.0,0.00425,2456.0,0.00294,0.52508,0.08723,,
train,9.0,1510.0,0.00425,2456.0,0.00313,0.46643,0.08708,,
train,9.0,1520.0,0.00425,2456.0,0.00297,0.45301,0.08621,,
train,9.0,1530.0,0.00425,2456.0,0.00297,0.63681,0.08653,,
train,9.0,1540.0,0.00425,2456.0,0.00308,0.46014,0.08592,,
train,9.0,1550.0,0.00425,2456.0,0.0029,0.62992,0.08585,,
train,9.0,1560.0,0.00425,2456.0,0.00293,0.45349,0.08687,,
train,10.0,10.0,0.00417,2456.0,0.21416,0.42234,0.29789,,
train,10.0,20.0,0.00417,2456.0,0.00341,0.57106,0.08609,,
train,10.0,30.0,0.00417,2456.0,0.00308,0.41696,0.08571,,
train,10.0,40.0,0.00417,2456.0,0.00286,0.45761,0.08544,,
train,10.0,50.0,0.00417,2456.0,0.00294,0.51165,0.0871,,
train,10.0,60.0,0.00417,2456.0,0.0028,0.53247,0.08616,,
train,10.0,70.0,0.00417,2456.0,0.00306,0.37612,0.08687,,
train,10.0,80.0,0.00417,2456.0,0.00233,0.4468,0.085,,
train,10.0,90.0,0.00417,2456.0,0.003,0.58866,0.08637,,
train,10.0,100.0,0.00417,2456.0,0.00329,0.4382,0.08718,,
train,10.0,110.0,0.00417,2456.0,0.00344,0.57958,0.08776,,
train,10.0,120.0,0.00417,2456.0,0.00259,0.49474,0.08621,,
train,10.0,130.0,0.00417,2456.0,0.00319,0.40543,0.08732,,
train,10.0,140.0,0.00417,2456.0,0.00307,0.49689,0.08698,,
train,10.0,150.0,0.00417,2456.0,0.00307,0.56252,0.0864,,
train,10.0,160.0,0.00417,2456.0,0.00285,0.44045,0.08585,,
train,10.0,170.0,0.00417,2456.0,0.00274,0.49583,0.08591,,
train,10.0,180.0,0.00417,2456.0,0.00321,0.62871,0.08708,,
train,10.0,190.0,0.00417,2456.0,0.00276,0.46265,0.08598,,
train,10.0,200.0,0.00417,2456.0,0.00327,0.52641,0.08684,,
train,10.0,210.0,0.00417,2456.0,0.00322,0.44236,0.08724,,
train,10.0,220.0,0.00417,2456.0,0.00277,0.37713,0.08673,,
train,10.0,230.0,0.00417,2456.0,0.00305,0.4906,0.08715,,
train,10.0,240.0,0.00417,2456.0,0.00231,0.47873,0.08601,,
train,10.0,250.0,0.00417,2456.0,0.0033,0.42836,0.08698,,
train,10.0,260.0,0.00417,2456.0,0.00304,0.48342,0.0872,,
train,10.0,270.0,0.00417,2456.0,0.00267,0.36541,0.08733,,
train,10.0,280.0,0.00417,2456.0,0.00326,0.4822,0.08731,,
train,10.0,290.0,0.00417,2456.0,0.00294,0.52708,0.08715,,
train,10.0,300.0,0.00417,2456.0,0.00343,0.54191,0.08769,,
train,10.0,310.0,0.00417,2456.0,0.00308,0.49629,0.08702,,
train,10.0,320.0,0.00417,2456.0,0.00324,0.52093,0.08687,,
train,10.0,330.0,0.00417,2456.0,0.00318,0.43103,0.08624,,
train,10.0,340.0,0.00417,2456.0,0.00302,0.47245,0.08771,,
train,10.0,350.0,0.00417,2456.0,0.00304,0.5531,0.08668,,
train,10.0,360.0,0.00417,2456.0,0.00291,0.39375,0.08789,,
train,10.0,370.0,0.00417,2456.0,0.0027,0.47263,0.08631,,
train,10.0,380.0,0.00417,2456.0,0.0029,0.46364,0.08702,,
train,10.0,390.0,0.00417,2456.0,0.00296,0.41449,0.08518,,
train,10.0,400.0,0.00417,2456.0,0.00372,0.49055,0.0871,,
train,10.0,410.0,0.00417,2456.0,0.00208,0.50717,0.0881,,
train,10.0,420.0,0.00417,2456.0,0.00205,0.39616,0.08855,,
train,10.0,430.0,0.00417,2456.0,0.00306,0.49835,0.08692,,
train,10.0,440.0,0.00417,2456.0,0.00304,0.49125,0.08799,,
train,10.0,450.0,0.00417,2456.0,0.00318,0.47707,0.08713,,
train,10.0,460.0,0.00417,2456.0,0.00344,0.52983,0.08673,,
train,10.0,470.0,0.00417,2456.0,0.00299,0.47582,0.08553,,
train,10.0,480.0,0.00417,2456.0,0.00318,0.58556,0.08691,,
train,10.0,490.0,0.00417,2456.0,0.00292,0.51717,0.08727,,
train,10.0,500.0,0.00417,2456.0,0.0026,0.5374,0.08722,,
train,10.0,510.0,0.00417,2456.0,0.00257,0.47764,0.08647,,
train,10.0,520.0,0.00417,2456.0,0.00264,0.45478,0.08667,,
train,10.0,530.0,0.00417,2456.0,0.00215,0.57857,0.08344,,
train,10.0,540.0,0.00417,2456.0,0.00375,0.43398,0.08552,,
train,10.0,550.0,0.00417,2456.0,0.00322,0.43664,0.08703,,
train,10.0,560.0,0.00417,2456.0,0.00304,0.56335,0.0877,,
train,10.0,570.0,0.00417,2456.0,0.00303,0.4659,0.08769,,
train,10.0,580.0,0.00417,2456.0,0.00295,0.505,0.0869,,
train,10.0,590.0,0.00417,2456.0,0.00308,0.4406,0.08659,,
train,10.0,600.0,0.00417,2456.0,0.0032,0.50065,0.08705,,
train,10.0,610.0,0.00417,2456.0,0.00305,0.4456,0.08773,,
train,10.0,620.0,0.00417,2456.0,0.0031,0.63983,0.08736,,
train,10.0,630.0,0.00417,2456.0,0.00303,0.57042,0.0866,,
train,10.0,640.0,0.00417,2456.0,0.00293,0.48645,0.08622,,
train,10.0,650.0,0.00417,2456.0,0.00303,0.44465,0.08639,,
train,10.0,660.0,0.00417,2456.0,0.00277,0.47166,0.08589,,
train,10.0,670.0,0.00417,2456.0,0.00326,0.38893,0.08669,,
train,10.0,680.0,0.00417,2456.0,0.00262,0.52801,0.08698,,
train,10.0,690.0,0.00417,2456.0,0.00291,0.52587,0.08713,,
train,10.0,700.0,0.00417,2456.0,0.00303,0.42112,0.08641,,
train,10.0,710.0,0.00417,2456.0,0.00303,0.52862,0.08579,,
train,10.0,720.0,0.00417,2456.0,0.00327,0.39411,0.08638,,
train,10.0,730.0,0.00417,2456.0,0.00312,0.40371,0.08665,,
train,10.0,740.0,0.00417,2456.0,0.00276,0.54534,0.08677,,
train,10.0,750.0,0.00417,2456.0,0.00294,0.4947,0.08536,,
train,10.0,760.0,0.00417,2456.0,0.00339,0.46475,0.08572,,
train,10.0,770.0,0.00417,2456.0,0.00297,0.40034,0.08671,,
train,10.0,780.0,0.00417,2456.0,0.00304,0.59412,0.08694,,
train,10.0,790.0,0.00417,2456.0,0.00232,0.50634,0.08701,,
train,10.0,800.0,0.00417,2456.0,0.00309,0.52185,0.08652,,
train,10.0,810.0,0.00417,2456.0,0.00303,0.37839,0.08721,,
train,10.0,820.0,0.00417,2456.0,0.00219,0.37288,0.08635,,
train,10.0,830.0,0.00417,2456.0,0.00243,0.45694,0.08517,,
train,10.0,840.0,0.00417,2456.0,0.0029,0.44319,0.08568,,
train,10.0,850.0,0.00417,2456.0,0.00295,0.38002,0.08513,,
train,10.0,860.0,0.00417,2456.0,0.00354,0.5431,0.08641,,
train,10.0,870.0,0.00417,2456.0,0.00278,0.51898,0.0854,,
train,10.0,880.0,0.00417,2456.0,0.00308,0.59851,0.08539,,
train,10.0,890.0,0.00417,2456.0,0.0032,0.49615,0.08456,,
train,10.0,900.0,0.00417,2456.0,0.0031,0.50519,0.08516,,
train,10.0,910.0,0.00417,2456.0,0.00292,0.53271,0.0862,,
train,10.0,920.0,0.00417,2456.0,0.0029,0.52432,0.08634,,
train,10.0,930.0,0.00417,2456.0,0.00315,0.52578,0.08647,,
train,10.0,940.0,0.00417,2456.0,0.00362,0.3973,0.08645,,
train,10.0,950.0,0.00417,2456.0,0.00332,0.58645,0.0872,,
train,10.0,960.0,0.00417,2456.0,0.00297,0.38228,0.08727,,
train,10.0,970.0,0.00417,2456.0,0.00311,0.42516,0.08645,,
train,10.0,980.0,0.00417,2456.0,0.00333,0.5528,0.08714,,
train,10.0,990.0,0.00417,2456.0,0.00294,0.45911,0.08698,,
train,10.0,1000.0,0.00417,2456.0,0.00345,0.45495,0.08783,,
train,10.0,1010.0,0.00417,2456.0,0.0031,0.53034,0.08604,,
train,10.0,1020.0,0.00417,2456.0,0.00337,0.37682,0.08575,,
train,10.0,1030.0,0.00417,2456.0,0.00287,0.51842,0.08613,,
train,10.0,1040.0,0.00417,2456.0,0.00335,0.47844,0.08694,,
train,10.0,1050.0,0.00417,2456.0,0.00318,0.50079,0.08654,,
train,10.0,1060.0,0.00417,2456.0,0.00307,0.50834,0.0864,,
train,10.0,1070.0,0.00417,2456.0,0.00271,0.48384,0.08724,,
train,10.0,1080.0,0.00417,2456.0,0.00252,0.47082,0.08682,,
train,10.0,1090.0,0.00417,2456.0,0.00303,0.4314,0.08799,,
train,10.0,1100.0,0.00417,2456.0,0.00353,0.41612,0.08725,,
train,10.0,1110.0,0.00417,2456.0,0.00292,0.42271,0.08499,,
train,10.0,1120.0,0.00417,2456.0,0.00314,0.5082,0.0873,,
train,10.0,1130.0,0.00417,2456.0,0.00301,0.50498,0.08553,,
train,10.0,1140.0,0.00417,2456.0,0.0031,0.47678,0.08718,,
train,10.0,1150.0,0.00417,2456.0,0.00285,0.52045,0.08662,,
train,10.0,1160.0,0.00417,2456.0,0.003,0.43461,0.08532,,
train,10.0,1170.0,0.00417,2456.0,0.00343,0.53465,0.08678,,
train,10.0,1180.0,0.00417,2456.0,0.00317,0.48421,0.08767,,
train,10.0,1190.0,0.00417,2456.0,0.00289,0.53674,0.08685,,
train,10.0,1200.0,0.00417,2456.0,0.00266,0.46798,0.08694,,
train,10.0,1210.0,0.00417,2456.0,0.00355,0.52418,0.08713,,
train,10.0,1220.0,0.00417,2456.0,0.00302,0.47713,0.08821,,
train,10.0,1230.0,0.00417,2456.0,0.00323,0.45647,0.08862,,
train,10.0,1240.0,0.00417,2456.0,0.00352,0.48156,0.08625,,
train,10.0,1250.0,0.00417,2456.0,0.00299,0.44944,0.08816,,
train,10.0,1260.0,0.00417,2456.0,0.00263,0.39597,0.08739,,
train,10.0,1270.0,0.00417,2456.0,0.00336,0.42597,0.08682,,
train,10.0,1280.0,0.00417,2456.0,0.00289,0.53579,0.08775,,
train,10.0,1290.0,0.00417,2456.0,0.00276,0.43853,0.087,,
train,10.0,1300.0,0.00417,2456.0,0.00325,0.45432,0.08841,,
train,10.0,1310.0,0.00417,2456.0,0.0033,0.49828,0.08733,,
train,10.0,1320.0,0.00417,2456.0,0.00314,0.3956,0.08629,,
train,10.0,1330.0,0.00417,2456.0,0.00289,0.55407,0.08649,,
train,10.0,1340.0,0.00417,2456.0,0.00315,0.50384,0.08639,,
train,10.0,1350.0,0.00417,2456.0,0.00298,0.54102,0.0867,,
train,10.0,1360.0,0.00417,2456.0,0.0034,0.47799,0.08641,,
train,10.0,1370.0,0.00417,2456.0,0.00302,0.5517,0.08671,,
train,10.0,1380.0,0.00417,2456.0,0.00298,0.50301,0.08649,,
train,10.0,1390.0,0.00417,2456.0,0.00324,0.41924,0.08711,,
train,10.0,1400.0,0.00417,2456.0,0.00302,0.53751,0.08647,,
train,10.0,1410.0,0.00417,2456.0,0.00304,0.48401,0.08719,,
train,10.0,1420.0,0.00417,2456.0,0.00285,0.4023,0.08735,,
train,10.0,1430.0,0.00417,2456.0,0.00271,0.42759,0.08711,,
train,10.0,1440.0,0.00417,2456.0,0.00282,0.52076,0.08724,,
train,10.0,1450.0,0.00417,2456.0,0.0026,0.47651,0.08664,,
train,10.0,1460.0,0.00417,2456.0,0.00302,0.46371,0.08677,,
train,10.0,1470.0,0.00417,2456.0,0.00287,0.43418,0.08593,,
train,10.0,1480.0,0.00417,2456.0,0.00313,0.56054,0.08582,,
train,10.0,1490.0,0.00417,2456.0,0.003,0.45354,0.08617,,
train,10.0,1500.0,0.00417,2456.0,0.00344,0.50419,0.08641,,
train,10.0,1510.0,0.00417,2456.0,0.00318,0.54329,0.08603,,
train,10.0,1520.0,0.00417,2456.0,0.00326,0.53195,0.08677,,
train,10.0,1530.0,0.00417,2456.0,0.00313,0.49312,0.08593,,
train,10.0,1540.0,0.00417,2456.0,0.00333,0.48689,0.08682,,
train,10.0,1550.0,0.00417,2456.0,0.00294,0.5381,0.08719,,
train,10.0,1560.0,0.00417,2456.0,0.00354,0.4704,0.08665,,
